work_order_sales,otc_sales,customer_id,total_channel_sales
0,0,C531599,0
0,0,C527998,0
0,0,310650,0
0,0,C528040,0
0,0,C528031,0
0,0,E03985,0
0,0,C511657,0
0,0,C506340,0
3813,0,E06734,3813
0,0,C507732,0
0,0,C522593,0
70,0,451310,70
0,0,C522582,0
4186,13112,450650,17298
0,0,C506329,0
0,0,C522622,0
37174,8443,346870,45617
0,0,344610,0
0,0,341027,0
0,0,342054,0
0,0,C505221,0
0,0,541220,0
0,0,C529398,0
51008,885,540050,51893
0,0,C521101,0
2633,726,140030,3359
0,0,C502132,0
0,0,E00624,0
0,644,E00621,644
0,0,C530727,0
0,0,E05189,0
0,0,C511511,0
1818,0,341739,1818
0,0,E02851,0
8871,1895,140170,10766
0,0,C527408,0
255,0,E06233,255
912,0,541150,912
471,58,E07633,529
1116,3323,347540,4439
0,0,C530734,0
0,0,C530552,0
0,0,C527372,0
0,0,C527081,0
0,43,349001,43
0,0,342057,0
3562,944,E02302,4506
0,0,C527763,0
0,0,340774,0
0,0,C531543,0
0,0,C527770,0
2712,101,E07740,2813
0,0,C531566,0
0,0,C529431,0
0,0,C502147,0
0,0,341057,0
9234,730,E08859,9964
487,10926,340235,11413
0,0,E08410,0
0,0,C525022,0
0,0,E08404,0
0,0,347610,0
112585,11233,340842,123818
6140,2217,140235,8357
0,0,C529711,0
0,0,C504344,0
93147,8273,340161,101420
0,0,C527771,0
0,0,C521665,0
0,0,E02322,0
0,0,C503720,0
0,0,E01817,0
0,0,E01367,0
8407,691,341024,9098
0,0,C528415,0
0,0,C527760,0
0,0,C529756,0
0,0,C529435,0
0,0,E00654,0
0,0,C514556,0
0,268,540240,268
0,0,C530547,0
0,0,C529755,0
0,0,C501107,0
0,0,C529713,0
8404,0,E03170,8404
0,0,540250,0
0,0,541190,0
1999,1442,140248,3441
0,0,C506708,0
0,0,E00673,0
0,0,E00705,0
0,0,C504211,0
49922,1270,140010,51192
0,679,140250,679
0,0,C505207,0
0,0,E01369,0
10807,811,540970,11618
2599,0,349790,2599
10157,102,345200,10259
0,2162,540080,2162
0,0,E01639,0
0,0,E00704,0
0,0,540010,0
0,0,C529464,0
0,0,C519309,0
37,0,349370,37
13025,542,348980,13567
0,0,E01816,0
0,0,E01368,0
0,0,340273,0
38470,1055,340859,39525
0,0,C529436,0
0,0,343940,0
0,0,347700,0
0,0,342046,0
6974,501,340362,7475
0,0,C506687,0
787,866,140060,1653
0,0,C521078,0
0,0,C519242,0
3980,168,C504306,4148
0,0,C531535,0
15110,4454,348830,19564
148508,0,060666,148508
0,0,610120,0
7170,2642,610080,9812
7005,222,530030,7227
0,0,610410,0
0,25,530360,25
3269,461,610330,3730
0,0,069936,0
0,0,E05234,0
0,0,E05239,0
0,0,C515162,0
0,0,C505018,0
5323,3687,010400,9010
2789,2247,011040,5036
0,123,011210,123
8900,2063,012330,10963
0,0,C519532,0
0,0,C529354,0
0,0,C514510,0
19309,137,E06402,19446
1421,74,310010,1495
14829,0,E00840,14829
0,0,C522835,0
0,0,C531630,0
0,571,310230,571
0,0,E06970,0
17633,7611,010060,25244
884,0,069962,884
19702,26640,C503532,46342
37253,36394,011130,73647
0,0,C522972,0
22653,75476,311120,98129
0,0,C530062,0
0,0,C515164,0
0,0,C527036,0
0,0,C511172,0
0,0,C519495,0
807,0,012450,807
0,294,E06919,294
0,0,C514614,0
0,0,E01024,0
0,0,C501068,0
0,0,C530634,0
3807,0,E04979,3807
0,0,311180,0
0,0,C531823,0
0,267,310700,267
0,0,010100,0
0,0,311460,0
4393,1038,310280,5431
0,949,310040,949
0,0,C524826,0
4818,21018,010130,25836
0,0,C520479,0
0,471,E08474,471
1162,54,C528481,1216
0,0,C530344,0
0,0,010150,0
10525,1920,E02774,12445
0,0,E05014,0
0,0,460440,0
0,139,460410,139
0,0,C530339,0
0,0,311280,0
0,0,C503187,0
0,0,C522680,0
0,0,C530878,0
0,6562,065470,6562
2305,2895,310670,5200
0,0,C522900,0
5493,1169,065371,6662
8314,0,E02598,8314
2924,130,E00477,3054
428,2537,310150,2965
170,0,E01223,170
3502,171,061115,3673
0,0,012940,0
0,0,C501004,0
0,0,311540,0
0,0,C530343,0
0,0,E04814,0
0,0,C529306,0
0,146,E02171,146
0,153,311560,153
0,0,C506420,0
0,0,E03770,0
0,0,E02601,0
358,952,E06994,1310
0,0,C525398,0
7964,19205,C524672,27169
0,314,E07331,314
2786,469,061810,3255
1276,0,010260,1276
4286,28752,061840,33038
4526,1456,E05744,5982
0,33,E04649,33
0,135,311140,135
0,0,C503572,0
0,0,C501450,0
0,0,C515624,0
0,0,C524864,0
0,605,E01006,605
0,0,E02784,0
332,0,311450,332
422,0,310300,422
0,0,C530320,0
878,973,012810,1851
22089,5332,E05710,27421
0,0,C530321,0
0,0,310130,0
11950,6163,C531551,18113
0,0,012930,0
0,0,C505035,0
0,117,010330,117
3264,7260,C530633,10524
0,0,C530338,0
0,0,E03653,0
32362,53375,010390,85737
4845,136,E00221,4981
0,0,E01727,0
0,0,E00226,0
0,0,E00231,0
847,86,E00252,933
90,5565,010090,5655
0,0,C524823,0
6286,218,E01054,6504
0,0,311500,0
0,0,015210,0
237,0,E00294,237
83732,2372,310120,86104
480,11,E04657,491
4002,1343,E00352,5345
1083,594,311610,1677
2158,0,015110,2158
8177,1239,014920,9416
700,5564,012480,6264
0,0,015260,0
0,0,E00413,0
4751,1155,010540,5906
0,0,E00235,0
37470,2573,012670,40043
0,0,E00382,0
0,0,C530880,0
0,0,C527311,0
0,0,C530341,0
220,3481,343930,3701
0,0,C512695,0
0,0,E03772,0
0,0,C524787,0
0,0,069970,0
11629,1164,010510,12793
0,0,C500949,0
0,0,E02790,0
331,418,310720,749
0,0,C516314,0
0,0,C510396,0
0,0,C509588,0
0,0,C521947,0
0,327,680100,327
0,0,C521271,0
0,0,061089,0
0,0,C528851,0
0,462,061081,462
0,0,C526984,0
0,0,C519180,0
0,0,E04087,0
0,0,060545,0
0,0,069937,0
0,323,064040,323
0,0,C509584,0
29302,1618,E07554,30920
0,0,C513524,0
0,0,060943,0
0,0,C508046,0
0,152,C528680,152
0,0,C504897,0
0,170,060275,170
0,0,C507764,0
0,0,C528263,0
0,2069,065730,2069
0,0,E02370,0
0,82,360120,82
0,0,C506206,0
306,10698,E00529,11004
0,57,4028497,57
0,0,C530497,0
0,0,480050,0
3266,967,E08185,4233
0,0,066020,0
0,0,C526701,0
0,0,E01506,0
0,0,C527639,0
0,0,C504595,0
0,0,C508056,0
0,0,C526323,0
0,0,C530351,0
0,0,C503049,0
0,0,C526407,0
0,0,422450,0
0,0,C523417,0
0,0,C531076,0
0,1319,341796,1319
0,1005,060142,1005
0,0,C510311,0
0,318,E05562,318
0,0,E06463,0
0,0,060464,0
0,0,C504922,0
0,0,E09114,0
0,612,060140,612
0,0,C504948,0
0,0,C509587,0
0,1769,060624,1769
0,0,680010,0
8816,0,C528259,8816
0,0,422180,0
0,0,065275,0
0,0,C523425,0
0,0,C527157,0
0,0,420040,0
0,0,C526587,0
0,47,064770,47
0,0,060317,0
0,749,060937,749
0,0,C529886,0
0,0,730150,0
0,0,C521612,0
0,0,650310,0
0,0,E00531,0
0,0,E09274,0
0,0,C531912,0
0,141,4013796,141
0,0,C531079,0
0,0,E03303,0
0,0,C528920,0
0,0,067600,0
0,0,060223,0
0,0,066680,0
0,1045,060402,1045
0,0,E03123,0
0,0,C504008,0
0,0,E02165,0
0,0,C530896,0
0,0,C502435,0
0,39,061077,39
0,0,C514617,0
0,0,C521959,0
0,10,E04055,10
0,0,C531917,0
0,282,061060,282
0,57,060497,57
0,0,C526978,0
0,0,C504598,0
0,0,C531225,0
0,0,C512260,0
0,0,C528681,0
0,0,C528219,0
8685,23263,065410,31948
0,0,380370,0
0,0,E00522,0
0,0,C526400,0
0,0,C529473,0
0,0,C530498,0
0,0,060431,0
0,0,341880,0
0,0,C515068,0
0,0,C509556,0
0,0,C523388,0
0,0,C512587,0
0,0,060748,0
1674,743,E00492,2417
0,60,065273,60
0,0,067240,0
0,0,C520691,0
0,532,067260,532
0,0,C530888,0
0,0,C508400,0
0,0,061380,0
0,0,061390,0
0,0,C513644,0
0,574,064180,574
0,0,E01510,0
0,0,C512581,0
0,0,C520777,0
1314,1319,611030,2633
0,0,066050,0
0,0,E01194,0
0,0,067430,0
0,0,C519161,0
0,0,C525270,0
0,997,067290,997
0,0,C531916,0
0,0,C526391,0
0,0,C525263,0
12158,1595,464320,13753
0,0,C526727,0
0,0,C521182,0
0,1249,E03392,1249
0,4,066220,4
972,199,060367,1171
0,0,422280,0
0,618,061540,618
0,0,422270,0
0,82,650200,82
4664,1205,411510,5869
0,0,060289,0
0,0,C523931,0
214,0,069946,214
0,0,C502446,0
0,0,E00521,0
0,0,C519091,0
0,0,C523937,0
0,95,069920,95
0,0,C529896,0
0,422,E02192,422
0,0,065372,0
0,1019,E06843,1019
0,0,C528846,0
0,0,C524833,0
0,0,420650,0
0,23,061012,23
0,0,C508163,0
0,0,E03582,0
0,0,C502449,0
0,0,C520953,0
0,0,C520901,0
0,14974,E09267,14974
0,0,C515093,0
0,0,E05205,0
0,0,C526588,0
0,0,C515094,0
0,0,C529622,0
0,0,C529911,0
0,494,061940,494
0,0,E03140,0
0,0,C529879,0
0,0,C527898,0
0,0,061950,0
0,0,C531223,0
0,319,061910,319
0,0,067370,0
0,69,E07036,69
0,154,E02349,154
0,0,C528843,0
0,14,E04112,14
0,0,C504535,0
0,0,069070,0
1879,1751,030810,3630
0,0,C529895,0
0,0,C529225,0
118,0,060692,118
0,0,060439,0
0,0,C501652,0
0,0,C524314,0
0,0,C529885,0
0,0,E04842,0
0,44,065324,44
0,0,065389,0
0,379,380940,379
0,0,422400,0
0,0,069980,0
0,0,E02474,0
0,0,C526691,0
0,0,C525918,0
0,0,420170,0
0,0,C529501,0
0,0,C530892,0
0,0,C508218,0
0,5340,4017122,5340
0,0,C524302,0
0,0,C517292,0
7142,1434,C528140,8576
24,48,C517204,72
0,0,060354,0
0,0,411530,0
0,0,E02384,0
0,0,065274,0
0,0,380170,0
0,0,C520679,0
0,74,230450,74
0,917,060695,917
0,0,C529621,0
0,0,C524311,0
0,0,380310,0
0,0,E02478,0
0,0,C504002,0
0,812,066470,812
0,0,C527158,0
0,0,E02364,0
0,0,E04849,0
0,0,422240,0
0,0,E06858,0
0,0,650040,0
0,28,421980,28
0,0,C509586,0
0,0,422520,0
0,0,422420,0
0,0,C504572,0
0,0,C503048,0
0,0,420130,0
0,0,E04843,0
0,0,420150,0
0,168,590810,168
0,0,C509579,0
21078,348,490010,21426
0,0,500040,0
0,0,E06856,0
0,0,420190,0
0,0,420280,0
0,0,380460,0
0,0,422050,0
0,0,680040,0
0,0,420210,0
0,0,E06848,0
0,0,660012,0
0,0,380290,0
0,0,611050,0
0,0,060273,0
0,134,066070,134
0,1638,069720,1638
0,901,240026,901
0,0,C529882,0
0,0,064110,0
0,0,E01355,0
0,364,060527,364
0,0,C530891,0
0,0,C528847,0
0,2955,670960,2955
0,0,C529222,0
0,0,500080,0
0,0,061101,0
0,0,060514,0
0,0,C502475,0
0,0,C516403,0
0,528,670160,528
0,0,C510286,0
0,0,E05858,0
0,0,340206,0
0,0,C531086,0
0,0,C513464,0
0,0,E04819,0
325,0,1001035,325
5885,0,1000560,5885
0,0,E03528,0
0,0,380380,0
0,73,061046,73
1035,3426,066590,4461
0,0,C531822,0
0,0,141240,0
0,1417,140280,1417
0,0,C526875,0
0,0,060377,0
0,0,C521609,0
1288,528,065353,1816
0,0,060325,0
0,0,E05685,0
0,0,C527629,0
0,0,C523397,0
0,0,C506213,0
0,0,E02269,0
0,170,E03728,170
0,0,C508835,0
0,18,E06168,18
0,0,C530860,0
4551,530,170520,5081
1187,111,101840,1298
4178,8839,E03630,13017
4580,4782,067375,9362
0,0,C531212,0
0,0,C504229,0
0,0,C519728,0
618,218,E04873,836
8466,1964,170300,10430
0,0,E08619,0
0,0,C530975,0
0,0,C524289,0
0,0,101990,0
0,0,C514064,0
0,0,E08624,0
0,0,E06185,0
0,0,C527681,0
0,0,C531936,0
0,0,C520294,0
0,0,101150,0
0,0,C506193,0
0,184,170090,184
17775,11300,100220,29075
393,2845,352070,3238
0,0,E01534,0
0,0,C507550,0
0,0,C530925,0
0,0,C531871,0
0,32,1001585,32
0,0,355070,0
266,0,358301,266
0,167,E04493,167
23070,14943,E03320,38013
140,0,350430,140
0,0,450090,0
0,0,C514063,0
0,0,352450,0
0,0,350420,0
15696,2647,E04096,18343
31811,41820,170160,73631
2155,0,E05712,2155
0,0,E08603,0
0,0,C522469,0
0,0,C519594,0
0,1228,100560,1228
1433,434,452070,1867
0,0,C530591,0
0,0,C505857,0
0,0,C524299,0
0,0,101200,0
0,0,C526591,0
0,0,C508781,0
11896,3316,170070,15212
0,0,C507543,0
0,0,E08779,0
451,0,356250,451
4224,405,E02772,4629
0,0,C508151,0
0,0,E08002,0
1950,3783,353640,5733
0,0,C506754,0
0,0,C506818,0
0,0,C505760,0
0,0,C520289,0
0,0,E06190,0
0,0,C513178,0
4624,24786,310220,29410
0,0,358200,0
6105,2546,350820,8651
1991,0,E01481,1991
0,0,352390,0
0,0,C510576,0
1664,1358,357480,3022
0,0,C508836,0
0,27,350970,27
0,0,C512075,0
0,0,350980,0
0,0,C514086,0
0,0,C522822,0
5806,917,630040,6723
0,0,C530980,0
949,10680,E07574,11629
0,0,IPIHLEZ,0
1552,3255,101300,4807
0,0,C530590,0
0,0,E06482,0
0,0,C524300,0
0,21,356690,21
38568,2996,340391,41564
0,0,C519563,0
0,2958,341154,2958
0,0,C506738,0
6782,19901,351140,26683
77959,45359,354850,123318
25178,2622,170410,27800
1623,19272,062040,20895
0,0,C520300,0
0,62,101140,62
0,149,353150,149
0,0,C527599,0
0,0,C506794,0
0,0,C528553,0
0,0,E05695,0
0,0,CEHLEHLEZ,0
0,0,C511337,0
2660,3134,100480,5794
0,0,C519855,0
0,521,099890,521
22610,8292,E03709,30902
0,0,C505855,0
150,1640,C503745,1790
0,0,C530971,0
0,0,C530461,0
7533,1736,E02392,9269
6787,0,100810,6787
0,0,E07047,0
439,1017,100580,1456
0,429,E08565,429
0,1259,450020,1259
3182,0,E05690,3182
0,0,C530930,0
0,0,170400,0
0,322,101100,322
0,1487,100210,1487
3886,2869,170080,6755
0,0,E06507,0
0,596,100750,596
4104,441,350620,4545
0,887,170490,887
1896,833,100380,2729
0,358,311160,358
0,0,E05696,0
0,0,E06178,0
0,0,630100,0
0,0,C527568,0
1285,0,E02288,1285
0,0,352250,0
0,0,C508970,0
0,0,C515178,0
0,0,C506281,0
16308,0,010480,16308
0,0,C530970,0
464,0,INHEEG,464
200,558,358230,758
0,0,C515177,0
4146,2028,170020,6174
0,0,C519794,0
0,27,170460,27
2381,38,100740,2419
0,0,C527565,0
0,252,450810,252
80,0,E02447,80
872,205,E03908,1077
20717,9700,E03991,30417
0,0,130130,0
0,0,C524915,0
0,0,C522083,0
0,0,C530525,0
0,0,C527997,0
0,0,C522074,0
0,0,C530883,0
0,0,C511464,0
0,0,C526908,0
0,0,C531477,0
0,0,C530528,0
0,0,C527882,0
0,0,C528758,0
0,0,C528821,0
0,0,C514038,0
0,0,C529991,0
0,0,650130,0
1454,2766,211020,4220
10739,3,440510,10742
418,0,E06818,418
11838,14459,130090,26297
0,0,E01078,0
13087,283,C528482,13370
0,0,E04025,0
281,250,343490,531
0,0,C530066,0
0,0,C523498,0
0,0,C523474,0
0,0,C523458,0
0,0,E06558,0
0,0,C530882,0
3663,9181,210070,12844
17868,2451,C529765,20319
0,0,C503167,0
0,0,C528790,0
0,0,C527564,0
0,0,C528741,0
0,0,E04050,0
0,0,E04026,0
0,0,C515325,0
0,0,211100,0
0,0,C530881,0
0,0,C526460,0
0,0,C528756,0
0,0,C517196,0
0,0,C524624,0
0,0,C501103,0
0,0,C507136,0
0,0,C504699,0
0,0,C523577,0
0,0,C514555,0
605,0,230760,605
0,0,C526702,0
0,0,E04015,0
663,42,E07535,705
0,95,E05374,95
0,3238,210230,3238
0,0,C516686,0
0,0,C509848,0
0,0,C527618,0
3868,0,E07929,3868
0,0,C525557,0
0,0,E02928,0
3645,637,E06600,4282
3401,467,470110,3868
313,0,E03240,313
0,0,C513093,0
0,0,570260,0
0,0,C520169,0
0,0,C524418,0
0,0,C529278,0
0,0,C530524,0
0,0,210770,0
0,0,C517184,0
0,-53,210190,-53
0,273,E01462,273
0,0,C530446,0
0,0,C529979,0
2100,1815,560070,3915
75873,4972,E04918,80845
0,0,E02739,0
0,69,211030,69
0,0,C509326,0
202,5606,210940,5808
344,637,210350,981
0,0,239998,0
0,0,C530069,0
0,0,C530939,0
0,0,C523541,0
0,0,C507644,0
0,0,C531525,0
0,0,C530087,0
1757,1135,210130,2892
0,0,C530937,0
0,1351,210880,1351
0,0,630250,0
0,0,C528753,0
0,0,C530884,0
1737,0,E07693,1737
0,0,C503706,0
332,597,210590,929
0,0,570320,0
15762,5996,210090,21758
0,0,220010,0
0,454,210270,454
0,0,220060,0
12116,115,DICLE,12231
0,0,C527525,0
0,0,630120,0
27886,882,630110,28768
0,0,E01667,0
0,0,C526948,0
513,1560,210690,2073
0,0,C531391,0
1530,187,E06275,1717
0,0,210420,0
0,0,C521745,0
0,0,C529282,0
0,173,063490,173
0,0,C531788,0
0,0,C527615,0
0,0,C524739,0
0,0,E02906,0
0,0,650140,0
0,0,C524603,0
0,0,C530076,0
0,0,C531523,0
0,0,E02942,0
0,0,E02948,0
0,0,E04556,0
471,0,E04554,471
0,0,C530180,0
0,0,C530178,0
0,0,355430,0
21189,162,341095,21351
0,0,C507776,0
159,3647,065364,3806
0,0,C530148,0
0,0,C530181,0
0,0,C530179,0
1305,6161,064690,7466
0,0,355230,0
0,0,060378,0
0,0,C530153,0
0,0,C530933,0
0,0,C530931,0
0,0,C519562,0
0,0,C528872,0
1527,0,030030,1527
0,174,356840,174
0,206,200150,206
0,214,030780,214
0,158,350770,158
0,0,341414,0
0,0,C529620,0
10965,3417,E07653,14382
0,0,C501344,0
0,0,090680,0
0,0,030500,0
0,0,C515206,0
4041,11001,350240,15042
0,0,C523865,0
37388,4611,350260,41999
0,4456,200050,4456
0,0,201120,0
33441,14157,E01723,47598
0,0,C504840,0
0,0,450060,0
0,0,030050,0
0,71,030890,71
0,0,C529617,0
0,0,E06798,0
0,0,E07111,0
0,405,640300,405
0,0,C526715,0
63545,100758,481470,164303
0,0,E06706,0
0,0,C531286,0
45,0,451130,45
0,0,C517484,0
0,0,C523867,0
0,0,C531245,0
0,0,C524102,0
0,0,481570,0
0,3055,450100,3055
0,0,C529660,0
0,0,C531240,0
0,0,480780,0
163,0,359968,163
8120,23,453010,8143
0,0,039997,0
0,0,E03608,0
0,0,LUHG,0
0,0,C501214,0
3818,3874,481723,7692
0,847,E09315,847
13536,9507,E06000,23043
0,0,E06019,0
18731,0,430720,18731
0,0,430710,0
0,1697,351460,1697
0,0,C528720,0
0,5,E01707,5
462,0,4009926,462
0,342,430140,342
0,0,C504846,0
0,0,C504831,0
1494,720,031130,2214
0,0,C527796,0
0,470,430150,470
0,0,C504885,0
0,0,430870,0
0,0,C517208,0
0,0,481753,0
0,0,C527675,0
82833,68245,353070,151078
0,0,C505042,0
0,0,E07661,0
114,1469,030150,1583
0,0,C527776,0
0,0,069490,0
4494,1018,E03722,5512
0,0,450400,0
0,0,C531242,0
5456,2360,357500,7816
0,0,C501152,0
3591,0,E07531,3591
6493,1966,354410,8459
0,0,C527395,0
0,0,C504462,0
0,0,C527788,0
0,0,E07801,0
0,0,450290,0
0,0,C529619,0
0,0,E07079,0
0,0,C528112,0
85479,141531,C504717,227010
0,98,C512778,98
0,0,C531826,0
0,0,C524662,0
2059,136,E07245,2195
0,0,E07075,0
0,0,C525092,0
0,0,PEHEZEN,0
0,0,C526688,0
0,0,C527777,0
0,0,C531149,0
6940,4438,640050,11378
0,0,C504852,0
0,2585,E01933,2585
530,857,090520,1387
0,0,C529618,0
0,0,C507292,0
10130,5353,340011,15483
0,0,E04301,0
0,0,200190,0
1292,0,031180,1292
0,2455,430250,2455
0,0,C528730,0
0,0,E01905,0
0,0,C526684,0
2972,8566,030230,11538
0,0,480670,0
0,513,E08653,513
0,0,E06651,0
0,0,E06897,0
0,0,C504745,0
620,123,E05464,743
0,0,C527803,0
0,84,452030,84
0,-185,E03174,-185
0,0,C528852,0
0,0,E06802,0
0,0,450380,0
0,0,460030,0
0,244,E06542,244
0,0,030040,0
4059,2957,030020,7016
0,0,040060,0
2036,304,E09233,2340
19493,2610,101010,22103
1814,15911,101450,17725
3179,349,E07776,3528
0,0,C521516,0
0,0,C521176,0
0,0,E06720,0
0,0,C501924,0
0,0,C525095,0
0,0,031140,0
0,0,C521859,0
0,0,C527527,0
0,0,356920,0
0,0,C505944,0
48304,4572,358240,52876
0,0,C501872,0
0,0,E07958,0
54984,14697,450210,69681
178,0,E06646,178
0,0,C526976,0
0,0,C508602,0
5403,3754,450320,9157
0,2618,640060,2618
0,0,C526857,0
10227,38595,430310,48822
428,1044,C529203,1472
0,0,C529662,0
0,0,C517451,0
0,22629,430110,22629
0,2475,430280,2475
0,0,E04299,0
0,0,C529647,0
120660,1343710,069400,1464370
0,0,030630,0
0,541,E03317,541
0,0,C522538,0
0,79,E08460,79
1445,1559,640140,3004
0,0,C524101,0
1705,0,450410,1705
0,0,C513280,0
0,0,C529648,0
0,0,C521342,0
364,541,E07074,905
0,0,E06704,0
0,0,C521861,0
4828,0,200270,4828
1020,412,200260,1432
0,0,C507710,0
31308,76473,430740,107781
1231,-187,E06143,1044
0,0,E08467,0
0,0,C529198,0
0,0,E01760,0
0,0,C514367,0
0,0,C520549,0
0,115,341430,115
0,0,C520134,0
0,0,C512897,0
0,0,C520132,0
0,0,C528688,0
0,0,C525945,0
8756,0,4007922,8756
2758,1471,E01280,4229
0,0,C514345,0
174,70,E01233,244
0,34,220320,34
0,251,C510006,251
0,0,220350,0
0,15,340887,15
0,0,C520153,0
0,4716,C520152,4716
0,0,C510036,0
0,0,C528563,0
0,0,C506215,0
0,44,E05758,44
2346,0,E09130,2346
0,18,340706,18
0,0,220600,0
0,61,343880,61
0,214,E00328,214
0,0,C526512,0
0,0,C529845,0
4543,0,E05546,4543
15578,2741,E06531,18319
0,0,C529844,0
0,0,4010450,0
0,0,320410,0
0,0,320070,0
570,612,150310,1182
0,0,C526201,0
17432,3589,320050,21021
0,0,072500,0
0,0,C528564,0
0,0,450120,0
0,0,C527611,0
0,0,C522928,0
0,0,C518137,0
0,2734,C530130,2734
0,0,C522917,0
0,1514,370028,1514
1168,243,370021,1411
0,0,C527613,0
0,0,065160,0
0,0,C527598,0
0,0,C526107,0
0,170,E08022,170
15800,0,C505189,15800
0,164018,450110,164018
0,427895,480080,427895
0,0,480220,0
680,664,E06397,1344
0,16,370017,16
0,0,C531045,0
0,0,C531047,0
0,0,C531041,0
0,0,E08054,0
0,354,E01025,354
6300,208,530010,6508
180,55,E01575,235
714,300,C528690,1014
0,0,C527839,0
0,747,690120,747
0,0,C530183,0
960,0,E08050,960
566,477,530017,1043
0,0,E09121,0
0,0,E08976,0
0,0,C523983,0
0,0,C528341,0
0,0,C511428,0
0,0,C501610,0
0,0,C529307,0
0,0,E08397,0
8445,2076,530027,10521
0,0,C527663,0
0,0,C530182,0
0,0,C527866,0
0,0,C510475,0
0,2031,530420,2031
0,0,C527840,0
0,0,530230,0
0,0,C530714,0
0,0,E02968,0
0,0,C527197,0
11974,19566,4016080,31540
0,0,C528574,0
0,427,E02960,427
17515,2227,060930,19742
0,0,C522294,0
0,0,C527804,0
0,0,250250,0
0,0,C510127,0
0,0,C530689,0
0,0,C531550,0
0,0,C522217,0
2607,0,610940,2607
0,0,C522222,0
0,0,E08393,0
0,0,C508142,0
0,0,530480,0
0,0,C526025,0
0,0,700030,0
0,0,C524027,0
0,0,C511427,0
9459,383,670530,9842
0,0,C528271,0
0,0,080030,0
3,1212,E08975,1215
0,198,E08202,198
0,0,C511289,0
0,0,E08996,0
0,0,E01577,0
465,1477,NEHLIY,1942
0,23,530038,23
0,0,C528340,0
0,0,060931,0
110,0,539999,110
0,0,C528297,0
0,0,610620,0
0,0,C527648,0
0,0,C519697,0
0,0,C530725,0
0,0,C527990,0
0,0,C524780,0
57488,17658,HEN,75146
0,197,E08116,197
0,0,NEHLIYECI,0
1219,41,610071,1260
17571,494,610046,18065
10991,0,530110,10991
0,0,690090,0
9151,5944,610550,15095
0,1133,E04658,1133
0,1266,610630,1266
2367,133,530130,2500
2037,530,530200,2567
617,513,E01663,1130
1458,116,530025,1574
11616,4746,290020,16362
1163,1470,610480,2633
0,0,700040,0
0,70,E05539,70
0,109,080130,109
0,0,E08121,0
8264,0,530150,8264
4045,21246,530040,25291
8130,300,080020,8430
0,44,610510,44
0,0,610054,0
0,0,080100,0
0,0,C526846,0
0,0,C531035,0
0,0,610047,0
0,0,C529316,0
0,0,C529897,0
0,0,C508707,0
0,0,C527370,0
6889,9867,611110,16756
4681,6751,E06639,11432
0,0,C508143,0
0,221,530490,221
0,0,C520317,0
0,0,E08964,0
0,0,E09368,0
0,0,350160,0
0,0,E02680,0
0,0,C521978,0
0,21874,4027895,21874
0,0,E02675,0
0,0,C508083,0
0,7,4023551,7
0,0,101050,0
0,0,C531108,0
0,0,C528389,0
861,0,1000897,861
545,0,E08954,545
436,0,353320,436
0,451,170750,451
0,0,C508060,0
0,99,101030,99
0,0,C528390,0
0,0,E08970,0
1000,0,4022304,1000
0,16,4011949,16
0,0,C530675,0
0,0,349540,0
0,2902,4024899,2902
0,0,C530523,0
0,0,C527147,0
0,1292,4029201,1292
0,0,E09359,0
0,0,E06259,0
0,16,1000516,16
0,0,C531104,0
850,333,E08470,1183
0,0,C506864,0
0,0,342051,0
0,0,064570,0
7577,0,065270,7577
0,0,E05489,0
3513,0,C526092,3513
81,0,060737,81
0,0,C516072,0
0,0,C530510,0
66,0,E02222,66
1320,0,381020,1320
0,0,E02233,0
0,0,381090,0
1210,0,061640,1210
0,0,061660,0
0,0,C526101,0
9614,0,064800,9614
1118,9518,062710,10636
11034,2976,E07577,14010
355226,12507,E06997,367733
3520,0,E05778,3520
0,0,069800,0
2968,13,060636,2981
0,0,C521734,0
0,0,E01767,0
0,0,060194,0
0,0,C531451,0
0,0,E03119,0
9144,0,060979,9144
0,0,C530693,0
0,0,PUZ240,0
0,0,C530701,0
0,0,C501589,0
0,0,C530707,0
9074,636,E04197,9710
78154,0,ZENGEL,78154
59201,28108,350810,87309
3455,1117,E06249,4572
242,0,349970,242
1686,1501,C531529,3187
0,0,C516271,0
257,0,341062,257
0,0,C510623,0
1690,3071,064020,4761
0,0,440540,0
1621,0,C522625,1621
2673,0,C526165,2673
1086,0,E08113,1086
0,1990,4016364,1990
0,0,C529763,0
725,0,010410,725
0,195,012060,195
12847,14481,010430,27328
0,0,010420,0
0,0,E03199,0
0,0,E00182,0
0,0,E01516,0
545,0,010610,545
0,0,C526791,0
1196,0,420340,1196
0,766,010840,766
0,0,010440,0
0,0,680270,0
0,953,4015206,953
0,0,C503168,0
0,0,C524326,0
0,0,C528381,0
0,0,C527885,0
0,0,E03805,0
0,0,C529761,0
0,0,610270,0
570,0,331280,570
0,0,C526946,0
0,0,C521585,0
0,0,013780,0
0,1279,LEHINEELEHGZIH,1279
0,224,E09898,224
0,424,E01435,424
643,0,339983,643
0,0,C521591,0
1259,0,4013156,1259
7973,0,E01466,7973
0,0,C515851,0
0,0,C521361,0
3826,2106,060605,5932
0,0,C520674,0
0,0,C531625,0
10343,776,410780,11119
0,0,C529919,0
0,0,011600,0
0,0,510310,0
0,0,C528141,0
0,439,012950,439
0,0,650380,0
4689,0,019941,4689
0,0,E01561,0
235,153,421220,388
0,0,C529917,0
0,2272,011560,2272
0,0,710070,0
0,0,E00962,0
0,1076,E04664,1076
1649,570,4009711,2219
0,0,E01708,0
0,375,421900,375
0,0,C520364,0
0,0,650350,0
0,0,DUH,0
6277,81,E03806,6358
852,0,429992,852
0,8,010780,8
0,0,C530254,0
0,0,631070,0
0,0,650420,0
327,1720,011550,2047
0,0,E06874,0
0,0,C530241,0
0,68,E04505,68
0,59,014910,59
0,0,C506622,0
0,0,C523918,0
3676,0,279994,3676
111440,3958,270140,115398
0,0,C528104,0
0,0,C520625,0
589,0,1000719,589
724,14053,E08429,14777
0,0,C530514,0
1929,13,E03428,1942
0,0,510180,0
0,0,C510096,0
8747,463,E07563,9210
2520,294,014620,2814
0,0,C511378,0
1671,0,1000590,1671
0,0,C528749,0
0,0,020230,0
0,0,E07050,0
0,0,C515444,0
0,0,382950,0
0,2244,050030,2244
0,0,510010,0
153,341,060117,494
0,0,C526772,0
0,0,C531465,0
0,0,C526767,0
0,124,013730,124
0,0,EZUL,0
0,0,C531285,0
73400,0,380010,73400
0,0,E03200,0
0,168,014840,168
0,0,014430,0
0,0,E08475,0
0,0,C526771,0
0,0,C530224,0
0,0,C530788,0
0,2442,069840,2442
0,0,C512071,0
0,0,C527310,0
0,0,E06872,0
0,0,C513390,0
0,0,270190,0
443,0,1000794,443
0,0,E03820,0
0,0,C528646,0
0,0,C531113,0
0,45,014860,45
0,0,C516606,0
17979,0,440530,17979
4739,1821,E00734,6560
0,0,E02398,0
0,0,C528902,0
0,0,C529371,0
0,0,C528575,0
0,0,421570,0
0,-253,E09078,-253
0,0,C520579,0
4085,0,389987,4085
0,0,E07068,0
345,0,E02396,345
0,0,C528895,0
0,0,C503625,0
0,0,100180,0
0,0,C528643,0
0,51,011670,51
0,0,014090,0
0,0,C521733,0
0,568,E01314,568
0,0,C528180,0
0,498,010670,498
0,50,1001556,50
5203,0,332160,5203
0,0,C513402,0
0,0,E09075,0
193,0,E06152,193
0,0,C528044,0
0,0,383070,0
0,0,382900,0
0,0,380690,0
1033,0,E02399,1033
0,0,380530,0
0,0,389998,0
0,0,010940,0
4986,0,1001611,4986
600,0,E09916,600
0,0,C514283,0
0,1120,420390,1120
1030,0,C527131,1030
12037,4572,E05469,16609
0,0,C513321,0
0,0,E06439,0
0,0,E06163,0
0,572,012140,572
0,0,C531126,0
0,208,E05822,208
0,0,C530849,0
0,0,270730,0
0,0,C529467,0
0,0,C522316,0
0,0,E04476,0
110,0,E00788,110
0,0,C527308,0
0,0,C502700,0
0,0,E03251,0
0,0,C531624,0
0,0,E04446,0
0,0,C528645,0
0,0,332100,0
1981,428,1000317,2409
0,169,C511368,169
193,0,339991,193
0,0,012610,0
1743,4010,E02221,5753
50,9032,011720,9082
2554,0,E02343,2554
877,0,4010238,877
0,0,C520595,0
0,0,E01709,0
0,0,C529285,0
0,0,E03808,0
0,0,C518114,0
614,0,610230,614
0,0,C528894,0
0,0,630880,0
0,0,C504447,0
429,0,C515762,429
0,0,C527140,0
640,532,E04458,1172
0,0,C522490,0
0,2486,019923,2486
0,0,E09222,0
0,0,C521001,0
0,0,E01859,0
0,0,230740,0
0,0,GUNIGEH,0
0,0,C526947,0
0,0,380490,0
0,0,E03841,0
449,0,339992,449
0,28,015720,28
0,0,014200,0
0,0,010830,0
0,407,E03789,407
0,0,014780,0
0,0,C515814,0
0,0,020080,0
0,86,E00161,86
0,0,C528651,0
0,0,C529284,0
0,556,011260,556
2259,0,015630,2259
0,0,C525112,0
84,0,E01515,84
0,0,380150,0
0,0,C525050,0
0,0,LEHLEG,0
1834,253,012500,2087
0,0,C529430,0
0,0,420610,0
0,0,015840,0
0,0,230710,0
0,0,E03807,0
7149,0,010980,7149
788,0,349944,788
864,0,E03187,864
0,0,C529923,0
496,0,013110,496
0,0,630900,0
0,0,421920,0
1290,835,C528448,2125
4947,0,C522297,4947
0,0,011730,0
1693,0,460720,1693
0,0,C530513,0
0,0,420350,0
0,0,500400,0
0,0,720000,0
0,193,4016336,193
0,0,C520618,0
364,0,E01851,364
0,0,E04484,0
25556,336,E09044,25892
1179,0,500250,1179
0,0,C528097,0
1128,0,700071,1128
0,664,E04079,664
5051,472,330150,5523
0,0,C529468,0
1324,0,344451,1324
0,0,GUVEN,0
0,0,C513031,0
0,0,C531116,0
0,520,E05658,520
0,0,500360,0
0,0,C521721,0
0,0,272170,0
1523,861,E00908,2384
0,0,E05476,0
0,0,E09087,0
0,0,380650,0
0,0,C526295,0
0,0,380120,0
0,0,270300,0
0,0,710010,0
0,0,380130,0
0,0,015970,0
0,0,380140,0
0,0,330110,0
0,0,510020,0
0,0,E08041,0
0,0,E06896,0
2127,0,010320,2127
0,0,C505812,0
0,0,E07913,0
0,0,330160,0
16569,60,332980,16629
0,0,510070,0
0,0,C531470,0
1323,0,330090,1323
0,0,E05674,0
260633,59485,020130,320118
0,31,631000,31
0,0,C527759,0
0,0,C527183,0
0,0,C521087,0
969,0,270220,969
0,0,011510,0
0,0,380090,0
0,0,C522986,0
0,0,C527130,0
0,0,380710,0
0,0,C528456,0
450,0,4017681,450
0,457,014290,457
0,0,013940,0
2184,9177,C525336,11361
0,0,C512069,0
0,0,010520,0
0,0,380810,0
0,3307,062670,3307
0,0,C531571,0
0,0,E00130,0
0,249,E03244,249
0,0,C522021,0
0,0,014010,0
0,0,C502738,0
11343,0,C521787,11343
0,538,1000767,538
0,395,346910,395
0,0,344250,0
12888,5466,344560,18354
0,786,670040,786
0,0,670490,0
0,0,C527213,0
0,0,C515062,0
111883,17919,347410,129802
0,0,C504923,0
75265,99344,670390,174609
0,0,C527217,0
0,0,C504997,0
2993,2076,670470,5069
0,0,800040,0
0,0,E02709,0
0,0,C519210,0
0,0,790040,0
0,0,C527219,0
0,0,C525378,0
0,0,E02241,0
0,0,C527101,0
0,0,C526677,0
0,0,C526656,0
0,0,C525363,0
0,0,E09247,0
0,0,E09259,0
0,0,E09249,0
0,0,C524251,0
0,0,E06142,0
0,0,C523499,0
0,0,C528520,0
0,0,341746,0
580,0,670030,580
0,0,C527215,0
0,981,344180,981
632,0,780190,632
0,0,E03363,0
0,0,E03362,0
0,0,E02149,0
0,0,060130,0
0,0,C526907,0
0,0,060136,0
0,0,E06599,0
0,0,201850,0
0,0,C526585,0
8212,0,201560,8212
0,0,C512400,0
0,0,356410,0
0,0,C530589,0
19697,1165,031170,20862
857,256,356390,1113
0,0,C526904,0
0,0,C523665,0
0,0,C528709,0
0,0,C523636,0
19424,1280,060126,20704
0,0,C523637,0
1653,0,E06592,1653
0,0,C514869,0
0,0,C530587,0
0,0,C530456,0
0,0,C529603,0
0,0,341104,0
0,0,C524978,0
80242,1444,160120,81686
0,0,C527872,0
0,0,C527087,0
0,0,C530450,0
0,0,C518702,0
23520,28025,250130,51545
0,0,C508609,0
179,0,100130,179
363,0,C529595,363
0,0,C531674,0
0,7088,063640,7088
0,0,C517207,0
0,0,C506586,0
0,0,C527438,0
0,0,C502597,0
5958,3,161150,5961
0,0,250140,0
5498,0,HUHELEGG,5498
0,0,C528945,0
1089,915,160540,2004
15630,4174,110060,19804
0,0,110150,0
0,0,C524985,0
0,0,C502585,0
0,0,C508744,0
9790,552,163260,10342
0,0,C516604,0
0,0,163250,0
340,0,E05029,340
0,0,C512100,0
0,0,C524100,0
0,0,C505637,0
0,0,C525332,0
0,0,C527089,0
0,0,160011,0
0,0,260770,0
0,0,C524756,0
0,0,C502513,0
0,0,C519856,0
1774,0,160780,1774
4631,1586,164000,6217
0,0,C524073,0
0,0,C517078,0
0,0,C523253,0
1504,0,062730,1504
0,0,440630,0
180,0,260450,180
28319,6438,770260,34757
0,0,C520167,0
0,0,063670,0
0,0,C502621,0
0,0,C502517,0
0,0,C502569,0
1330,213,100320,1543
0,0,C525003,0
0,61,163270,61
0,0,030470,0
0,0,C531653,0
80,879,110290,959
0,0,162010,0
2285,629,345180,2914
0,0,C518690,0
8409,0,260730,8409
12262,4151,E03239,16413
0,0,166350,0
0,0,C508654,0
21284,307,161180,21591
0,0,C513737,0
0,0,C527315,0
3125,1334,260020,4459
0,0,260220,0
0,0,C525004,0
0,0,C518750,0
0,0,C521977,0
5749,0,260810,5749
466,0,E06430,466
0,0,C529023,0
0,2985,E04561,2985
412,0,E08731,412
0,0,C531670,0
0,0,440580,0
1283,305,166600,1588
0,0,C531963,0
9200,1138,161750,10338
36984,280,030350,37264
1559,123,E06795,1682
5399,87,E06365,5486
0,0,C519089,0
0,0,063160,0
0,0,C531671,0
0,0,C520161,0
0,0,C525621,0
0,0,C511269,0
0,0,260190,0
0,0,E05042,0
0,0,C518733,0
0,0,C530449,0
290,44,110100,334
294,35,340503,329
0,0,C508712,0
0,0,C524774,0
0,0,162460,0
0,0,E06393,0
0,0,C524074,0
2429,0,110130,2429
54786,77743,160400,132529
0,103,160440,103
5121,562,770200,5683
0,0,E04563,0
0,577,161070,577
13557,4495,161520,18052
5146,6740,161630,11886
0,0,C502494,0
0,0,260480,0
879,445,162480,1324
19746,581,E06519,20327
0,0,166890,0
939,45,E02597,984
0,0,C502497,0
0,0,590390,0
797,0,E08661,797
0,0,C513796,0
1252,0,C524755,1252
0,0,C512117,0
2526,18012,063110,20538
0,0,C512118,0
0,0,C528960,0
0,0,C502682,0
0,0,C529782,0
4491,699,168780,5190
0,0,340507,0
0,0,E02062,0
0,0,E05273,0
0,0,C526411,0
0,0,C508765,0
0,0,C531844,0
0,0,C530447,0
0,0,E03686,0
0,0,C531636,0
0,0,C531846,0
0,0,C531461,0
0,0,C531457,0
0,0,E02016,0
2140,128,074390,2268
0,0,C506451,0
0,0,C531460,0
0,0,E03670,0
0,0,C518995,0
0,0,E02046,0
0,0,C528210,0
0,0,C531852,0
0,0,C531635,0
0,0,E02074,0
0,0,C530448,0
0,0,C521359,0
0,0,072860,0
2977,0,070330,2977
1596,649,E02009,2245
1558,0,E02209,1558
0,0,C525651,0
0,0,C507016,0
0,0,C507621,0
0,0,670710,0
0,0,C527373,0
0,0,250510,0
0,0,550170,0
0,0,C523855,0
0,3387,520170,3387
0,0,C514585,0
0,0,C531901,0
0,0,C518921,0
0,0,E06312,0
1357,162,E03403,1519
0,0,C527115,0
90,0,340059,90
1652,5600,4010138,7252
5785,3906,340125,9691
122,1424,250230,1546
0,0,250545,0
0,0,610830,0
0,0,C526467,0
21597,8711,C527969,30308
0,0,E08925,0
0,0,C502028,0
0,0,C503842,0
0,0,C507640,0
0,0,E09193,0
0,0,611140,0
0,0,341606,0
0,0,C527103,0
396,11195,610360,11591
0,0,C510138,0
0,0,C512821,0
0,0,E09201,0
0,0,670580,0
0,271,4010489,271
0,0,C528355,0
0,0,E08948,0
0,0,C528183,0
0,0,C531092,0
0,440,E04439,440
0,368,C528462,368
0,0,C531299,0
0,0,C501016,0
0,0,C523761,0
0,0,C529677,0
0,0,C513263,0
0,0,C507631,0
0,0,C508363,0
0,0,E09139,0
0,0,C531094,0
5582,17916,C523758,23498
0,156,E06329,156
531,1525,550057,2056
1507,137,080170,1644
0,0,060907,0
0,0,C526885,0
0,0,250052,0
0,0,C514612,0
3409,1680,C528728,5089
0,0,C527119,0
0,0,290060,0
0,0,C530473,0
1815,0,E00851,1815
0,0,250027,0
0,0,C510140,0
0,0,550130,0
0,0,E09145,0
0,0,C525896,0
0,0,C526888,0
22673,3750,067220,26423
0,0,060903,0
0,0,C529857,0
0,0,240017,0
0,0,E06323,0
0,0,E01133,0
0,0,C529303,0
0,0,E09137,0
0,0,C514573,0
0,0,C528309,0
0,0,C528321,0
0,226,610380,226
0,0,C529204,0
0,303,E00992,303
0,0,C513778,0
0,92,346290,92
455,4419,610710,4874
0,0,E08890,0
0,56,510054,56
0,0,C518856,0
0,0,C501587,0
54286,15163,350010,69449
0,0,C529301,0
0,0,C507122,0
0,174,520200,174
0,0,C527435,0
0,0,C524720,0
0,0,C524929,0
0,0,C528093,0
490,259,060526,749
213,0,250053,213
0,0,C507030,0
0,0,C524931,0
0,0,360110,0
0,0,C530474,0
38420,111718,481150,150138
0,0,520070,0
20617,33365,E01560,53982
0,0,250019,0
3129,3285,611130,6414
0,0,520380,0
4202,9841,C528447,14043
0,0,C528313,0
0,0,E03058,0
0,0,611090,0
0,369,240012,369
9326,0,E09189,9326
0,0,E06336,0
0,0,060115,0
0,0,C523864,0
2055,717,530016,2772
1151,1613,E09357,2764
1565,14053,610060,15618
0,792,240019,792
365,0,360070,365
0,0,C503751,0
0,0,250310,0
0,0,C510143,0
0,1166,E09176,1166
0,0,C531307,0
0,0,C501035,0
0,0,610039,0
0,0,C529472,0
0,0,050013,0
0,0,C503659,0
0,0,550060,0
0,0,550250,0
2415,1744,080011,4159
0,0,C501046,0
0,0,250042,0
774,466,611080,1240
0,1167,670560,1167
0,0,080012,0
0,0,040110,0
0,2127,240070,2127
9897,31992,240060,41889
0,0,250030,0
16704,4780,520010,21484
4197,0,610740,4197
10309,1186,280170,11495
9225,5067,280220,14292
0,0,290070,0
0,0,C531305,0
0,0,520019,0
1519,3716,520150,5235
1192,0,250270,1192
0,0,620060,0
393,418,280021,811
0,0,520030,0
54676,1098,610350,55774
0,0,620080,0
124,0,520350,124
0,0,520110,0
0,0,240020,0
0,0,250040,0
0,91,E01787,91
0,2585,E08875,2585
0,0,610037,0
0,0,C531900,0
0,0,E09177,0
7213,0,010460,7213
0,0,250280,0
0,0,C507119,0
10073,933,E09115,11006
0,0,250054,0
456,0,C528392,456
0,0,E04441,0
0,0,640360,0
0,0,C507625,0
0,0,C501566,0
0,0,C513761,0
0,0,E09162,0
3820,0,413930,3820
0,0,C527619,0
6441,15967,E01087,22408
0,0,C527756,0
0,0,C519665,0
0,0,C526887,0
0,0,063610,0
0,0,C524043,0
0,0,101620,0
6743,10281,C514024,17024
0,0,C524064,0
1326,356,163600,1682
33099,744,162930,33843
0,0,163000,0
0,0,C530365,0
0,0,C530374,0
0,0,C514187,0
0,0,E01724,0
0,0,E04971,0
29052,3377,C531611,32429
0,0,C526625,0
0,0,E07937,0
0,0,C529745,0
10915,159,090900,11074
0,0,C530428,0
0,0,E01300,0
41316,637,260650,41953
0,0,C530386,0
0,0,C530440,0
0,0,C529743,0
0,0,C530364,0
0,0,C530373,0
0,0,C530441,0
0,0,E07304,0
0,0,320250,0
0,0,C526321,0
0,0,C518542,0
0,0,C530353,0
0,0,C529405,0
0,0,C530366,0
0,0,C530467,0
0,0,320130,0
0,0,C530430,0
0,0,C530438,0
0,0,C527561,0
0,0,C526458,0
0,0,C514149,0
0,0,C514182,0
0,2605,320080,2605
0,0,320340,0
0,0,C529754,0
7790,1648,E01292,9438
0,0,C530472,0
0,0,E01982,0
0,0,C526631,0
0,0,C530398,0
488,311,031150,799
0,0,C530414,0
0,0,C526645,0
0,0,C530436,0
0,0,E07930,0
0,0,C530352,0
0,0,C525483,0
0,0,C526432,0
0,1216,061139,1216
11047,42782,063840,53829
28159,4884,067730,33043
0,0,C523454,0
2678,0,060063,2678
0,0,060125,0
589146,1215564,344800,1804710
450877,392368,063340,843245
0,0,CENGIZ,0
0,897,065570,897
0,18,061059,18
0,0,E06606,0
17538,28019,421810,45557
0,0,C525212,0
3658,32970,E02436,36628
5756,67779,4015185,73535
0,0,067780,0
0,0,C525197,0
8313,87152,061330,95465
0,0,C501147,0
0,0,C524821,0
0,0,C509260,0
117158,29437,060209,146595
466727,730605,062830,1197332
3199,0,060124,3199
1530,31582,064010,33112
19160,87049,061580,106209
0,0,C516991,0
0,0,C528433,0
0,0,063510,0
365,3596,063500,3961
0,0,061137,0
77080,49161,063850,126241
28424,12363,064980,40787
0,0,C530112,0
0,2134,C504388,2134
0,0,069740,0
0,0,E07534,0
0,0,C501150,0
0,0,C516988,0
0,0,C530124,0
0,0,C524822,0
10117,23406,E05871,33523
210,2595,E09394,2805
0,0,C528595,0
0,0,C526974,0
0,0,C522692,0
0,1692,230560,1692
0,0,C528622,0
0,0,C526592,0
0,0,C524923,0
0,0,E02901,0
0,0,C528596,0
0,0,C530319,0
0,0,C530318,0
0,0,C527834,0
0,0,C526072,0
0,0,C521746,0
0,0,345190,0
0,0,060600,0
12929,20680,060587,33609
0,0,C526063,0
0,0,C528624,0
0,71,130210,71
0,0,C526429,0
0,15467,210310,15467
0,0,C507515,0
0,0,210430,0
0,0,C507204,0
0,0,C526051,0
0,0,C517144,0
0,0,C516308,0
0,0,C510302,0
0,0,C528589,0
0,0,E06828,0
0,0,C528569,0
0,0,C503660,0
0,0,C511326,0
0,0,C529832,0
0,0,C516305,0
0,0,C526425,0
0,0,C527397,0
0,0,C529837,0
0,0,C527899,0
0,0,440100,0
0,0,C527037,0
0,0,C529812,0
558,579,C528463,1137
0,0,C508390,0
1422,43,015980,1465
1386,3147,E02898,4533
0,0,C522703,0
0,0,C528943,0
0,0,C517179,0
1031,0,E09260,1031
0,1071,130220,1071
0,831,334380,831
0,0,C517100,0
687,96,C526422,783
0,0,C529808,0
0,0,C529829,0
0,0,C526815,0
121,281,650340,402
0,0,C529814,0
0,0,E06830,0
0,0,C507509,0
448,824,E06823,1272
0,0,C527231,0
186,217,E05986,403
0,0,E06842,0
0,0,130080,0
0,0,C528626,0
0,0,C507244,0
0,0,C529810,0
0,0,E02902,0
0,0,130250,0
0,0,C528254,0
2355,1855,E01150,4210
0,0,C529966,0
0,0,C530004,0
0,0,C530013,0
0,0,C528245,0
530,1911,331330,2441
0,0,C531698,0
0,0,331570,0
0,0,C530017,0
0,0,C516585,0
0,0,PEHGIYEZ,0
0,0,C529969,0
0,0,C529962,0
0,0,E01366,0
0,0,353970,0
0,0,C530019,0
0,0,331810,0
833,281,090380,1114
0,0,331500,0
0,0,331820,0
0,0,C530016,0
5183,3831,343434,9014
0,0,C529967,0
0,0,C527287,0
0,0,331720,0
0,0,C527911,0
0,0,C529261,0
0,51,E04053,51
0,0,331260,0
0,125,013000,125
0,0,E01975,0
0,0,C530912,0
0,0,330460,0
87190,523533,E02452,610723
0,2621,020250,2621
0,0,C530901,0
0,0,C505835,0
0,0,C530914,0
0,0,C501451,0
0,0,330220,0
0,0,331090,0
0,0,C502739,0
0,0,C529257,0
0,0,C510040,0
0,0,330390,0
0,0,C524933,0
0,0,C524686,0
420,0,331020,420
0,0,C526166,0
0,230,332850,230
0,0,C528217,0
38167,113935,E01659,152102
0,0,C530915,0
395,0,020270,395
4295,6827,461000,11122
2733,52228,460050,54961
0,0,330530,0
3904,1079,460650,4983
0,0,331104,0
648,0,332520,648
0,0,332930,0
0,0,332580,0
0,0,120040,0
0,0,C525938,0
0,0,C525934,0
0,0,120030,0
0,0,E07855,0
0,0,C505871,0
0,0,C528905,0
0,211,E08011,211
0,7,E05290,7
0,0,E06660,0
36075,528,340130,36603
0,0,C505889,0
0,0,E05139,0
0,0,C527263,0
0,0,E02889,0
0,0,E01880,0
0,0,270110,0
0,355,162090,355
0,0,C516273,0
0,0,C527710,0
17618,188,E01489,17806
0,85,E09264,85
0,0,C527703,0
3336,22,4012374,3358
0,0,C528095,0
0,0,C524139,0
56152,1850,100670,58002
0,0,C526042,0
0,0,C505455,0
0,0,C517384,0
0,0,260280,0
0,34,4023025,34
0,0,E01317,0
23029,4154,160270,27183
0,0,C527805,0
0,167,110320,167
0,0,170640,0
349,78,C527779,427
0,59,C528474,59
0,0,C511317,0
0,0,E02170,0
0,0,GUZ,0
3107,0,E01465,3107
0,0,C515033,0
0,0,163420,0
2242,0,610590,2242
0,0,C527289,0
0,0,E01712,0
0,0,C527409,0
32122,337,168840,32459
243,0,1000471,243
0,0,C527781,0
978,0,E04220,978
4400,1449,161090,5849
0,0,E08175,0
0,0,1000808,0
0,0,C516258,0
0,0,E05146,0
0,0,C530190,0
0,0,C525449,0
1778,886,E08874,2664
0,0,C522846,0
0,0,C526900,0
0,0,E01495,0
0,0,C511325,0
200,742,170960,942
0,0,C529264,0
0,0,C530626,0
0,0,C528187,0
0,0,260350,0
0,0,C527807,0
575,3,160330,578
0,0,C527740,0
0,0,160770,0
0,0,C507945,0
0,0,C511813,0
0,0,C505747,0
9909,768,E00835,10677
0,0,E01720,0
0,0,C514327,0
0,0,E05341,0
823,0,4018130,823
6649,0,E07570,6649
0,0,C520238,0
0,0,342003,0
0,6738,E07690,6738
1812,344,166680,2156
0,0,C526806,0
516,0,270050,516
0,0,E02650,0
0,0,C503701,0
4454,549,170890,5003
0,0,C516092,0
0,0,413160,0
0,0,C514435,0
0,0,C505742,0
576,0,163670,576
3927,259,161190,4186
18137,1378,260930,19515
0,0,C524132,0
0,0,C512854,0
0,93,E00050,93
7209,172,163050,7381
0,0,C514312,0
280,41,130270,321
0,0,C514441,0
85,12,4013954,97
0,0,C526086,0
0,77,E02471,77
0,0,E02988,0
0,0,C517377,0
0,0,C515014,0
0,0,C527254,0
0,0,E07846,0
0,0,E02897,0
22118,4526,163390,26644
8955,291,E05335,9246
0,0,170670,0
0,0,C516274,0
0,128,E07808,128
0,0,C509026,0
1641,0,E05950,1641
0,0,C526087,0
0,0,C515011,0
0,0,110550,0
0,0,C526299,0
451,0,340217,451
662,200,170910,862
0,0,E05348,0
0,0,C524561,0
0,0,C508347,0
0,0,C517382,0
0,0,C510153,0
0,0,166860,0
856,1044,160130,1900
0,0,C527786,0
516,89,E02649,605
3140,3293,341946,6433
0,0,340039,0
0,0,C506157,0
5377,581,E01430,5958
0,0,C519087,0
0,0,C524040,0
0,0,C529626,0
0,0,C524120,0
0,31,110380,31
59891,2770,340030,62661
0,0,C527919,0
0,0,C505739,0
0,0,064210,0
0,0,163210,0
0,0,E01503,0
0,399,E08132,399
0,0,E07857,0
0,0,260260,0
0,0,270010,0
0,0,163580,0
0,1214,160950,1214
5679,0,161100,5679
0,0,C529336,0
0,120,E08138,120
0,0,270040,0
0,342,161570,342
6457,4857,E07853,11314
0,0,270080,0
157,939,E02875,1096
0,0,341976,0
0,148,110480,148
0,0,C512783,0
0,0,170060,0
0,0,162580,0
0,87,160380,87
0,0,170550,0
0,0,C526304,0
0,0,162600,0
0,0,260360,0
0,0,C511849,0
1158,64,260230,1222
0,0,C527543,0
10389,10,110510,10399
12046,967,163020,13013
1747,0,770310,1747
0,0,C519079,0
0,0,E08178,0
234,268,166370,502
0,0,C513177,0
0,0,C518925,0
0,0,C529912,0
0,0,C529916,0
0,0,C529915,0
0,0,E06093,0
1502,0,E06085,1502
0,0,E06101,0
0,0,E06127,0
0,0,E06115,0
0,0,E06151,0
143,0,E06144,143
4342,976,359941,5318
0,0,C512221,0
0,0,C516652,0
0,0,C526228,0
0,0,C514045,0
0,0,C506237,0
0,0,E00010,0
2267,46,090060,2313
0,0,E02511,0
0,0,C527349,0
145,0,353580,145
0,0,C514047,0
0,0,C509196,0
0,0,C522675,0
0,4798,C504632,4798
0,78,E09346,78
0,126,E01341,126
0,0,C513848,0
0,0,E07522,0
0,0,C512254,0
0,0,C530038,0
557,0,489981,557
0,37674,C526168,37674
0,13186,1000780,13186
511,3319,090040,3830
0,0,C529908,0
0,0,C509171,0
0,1090,E04325,1090
0,0,357300,0
0,6268,350290,6268
0,0,C529238,0
524,0,350330,524
0,0,C529367,0
370,0,101750,370
0,0,C526490,0
4526,262,481010,4788
0,0,C525910,0
228,120,E07377,348
0,0,E02628,0
0,5294,4009616,5294
0,4744,010580,4744
456,0,E03592,456
0,0,060364,0
0,0,E02551,0
0,168,352470,168
0,0,C515895,0
0,0,C531057,0
0,0,C504106,0
3924,81,353990,4005
5471,7667,E01321,13138
0,0,C527518,0
17415,5892,354450,23307
0,0,C528098,0
1740,3526,E02153,5266
43295,16982,351900,60277
0,0,C531065,0
0,454,353680,454
0,123,090710,123
0,0,C505295,0
0,213,C513429,213
200,508,356940,708
667,0,353550,667
0,0,C508105,0
0,0,C512216,0
0,0,C529449,0
0,0,C528882,0
0,1575,E06680,1575
0,19,350580,19
0,14,481900,14
0,0,C526773,0
0,0,E09389,0
0,0,C531877,0
117410,108934,370320,226344
21354,0,C521941,21354
0,0,C524948,0
0,0,C531061,0
528,0,E08649,528
0,0,E00554,0
588,0,350640,588
239,58,E00535,297
280,13092,E09012,13372
0,0,C514246,0
0,0,C514377,0
0,5,E03261,5
0,0,C526233,0
0,0,E02575,0
972,0,353660,972
1052,3354,099800,4406
0,0,E07519,0
0,0,C527163,0
0,0,C529252,0
190,15651,E07445,15841
0,0,C500812,0
0,0,C529458,0
0,0,C531424,0
180,0,355490,180
0,0,C514434,0
3481,13,E06618,3494
0,54,090110,54
0,0,C525988,0
0,0,480340,0
0,0,C525970,0
0,0,483150,0
0,0,354180,0
0,0,C513261,0
0,0,C530823,0
0,0,C525999,0
0,0,C513212,0
0,0,C513230,0
0,0,350670,0
1195,7063,E04876,8258
0,0,C504670,0
0,0,351210,0
1530,10440,483060,11970
0,0,E08440,0
0,0,C509497,0
0,0,E03450,0
695,203,E02523,898
0,0,C527384,0
1023,128609,480230,129632
0,67,359932,67
0,0,C518957,0
0,0,C529910,0
0,0,C514394,0
0,0,352690,0
0,0,351430,0
0,0,C513450,0
0,0,C526517,0
0,0,480430,0
1727,2222,068150,3949
0,0,E04319,0
0,301,4011542,301
758,305,E02207,1063
0,0,C525356,0
0,0,353900,0
0,0,C530850,0
0,0,354730,0
0,0,C509518,0
0,0,C525954,0
0,0,C525990,0
0,245,060362,245
0,1782,351170,1782
0,0,C529931,0
250,70,481310,320
0,0,E08433,0
0,0,C525818,0
3782,12844,351220,16626
0,0,C526530,0
0,4,480200,4
0,0,351600,0
273,0,356740,273
0,0,C504634,0
0,0,356800,0
0,0,C511526,0
0,0,C509194,0
0,0,C530048,0
921,0,358040,921
2433,2085,E01884,4518
0,0,451320,0
330,466,E02834,796
0,0,C517558,0
0,0,C526516,0
0,0,C514276,0
0,0,E02636,0
0,0,C512272,0
883,0,1000500,883
1540,11612,099810,13152
0,0,E07883,0
0,0,C529901,0
0,0,C504213,0
0,0,C528743,0
11338,1094,353190,12432
1006,0,E09386,1006
0,0,C529052,0
0,0,C516429,0
0,0,E01344,0
0,0,E05689,0
0,0,480450,0
0,230,350230,230
4724,1334,090020,6058
0,0,350600,0
0,0,E07478,0
10842,52,E02534,10894
2943,13560,351660,16503
0,319,480130,319
15172,10147,099940,25319
0,248,351960,248
919,481,351330,1400
26225,9440,351450,35665
0,0,C526788,0
0,0,091010,0
0,0,C510415,0
0,0,C514039,0
0,0,C504124,0
0,0,E01166,0
0,582,E02620,582
3140,0,C507702,3140
0,141,480610,141
0,0,E08438,0
0,0,C525994,0
0,0,353930,0
3976,2117,E02208,6093
8276,31796,352620,40072
0,0,C508085,0
0,0,356090,0
5087,0,356970,5087
0,607,E07871,607
0,475,099820,475
0,0,354090,0
0,0,C530045,0
0,0,C525965,0
0,0,C514268,0
0,0,E04647,0
0,0,E07886,0
0,0,C504640,0
0,0,C512265,0
0,214,481190,214
0,0,C529909,0
0,0,C529902,0
0,0,E04384,0
0,0,E04426,0
0,0,250150,0
0,0,E04372,0
1073,0,550620,1073
0,0,C502403,0
0,21340,E02666,21340
5042,441,E04939,5483
0,2617,E02857,2617
0,0,090270,0
0,0,E01811,0
0,0,C507534,0
2047,9988,065650,12035
0,0,C520114,0
0,31,HE,31
0,0,C505417,0
108532,50231,063290,158763
0,0,063930,0
23128,17717,060780,40845
4854,308,660040,5162
0,0,C530784,0
0,109,050160,109
0,0,C513142,0
12241,7348,060970,19589
0,3465,580021,3465
0,0,061030,0
0,0,600430,0
0,0,C529231,0
1073,1151,C517277,2224
2646,0,066170,2646
0,0,C506387,0
0,0,GUHCE,0
7140,36823,720030,43963
1772,77,061120,1849
12530,6595,E06352,19125
0,23,063350,23
0,0,C520125,0
270,0,065890,270
0,0,063030,0
672,1394,069050,2066
0,0,C530776,0
0,0,580300,0
495611,174966,061370,670577
0,0,550380,0
0,0,C527602,0
17463,127136,E04934,144599
320,0,062820,320
0,0,E08712,0
0,0,600500,0
6534,0,E01652,6534
0,0,065399,0
2193,0,E07556,2193
9950,125761,063390,135711
0,0,130280,0
1534,199864,063630,201398
127420,409578,062880,536998
45667,63170,062990,108837
0,813,050080,813
0,159,E02095,159
145930,283804,066580,429734
0,83,060485,83
8303,2270,062140,10573
0,0,062150,0
0,0,C511291,0
0,854,062240,854
0,0,C523718,0
10030,15104,E08706,25134
0,0,580210,0
246998,29226,060489,276224
4096,1744,060144,5840
0,0,C525148,0
6482,13,066480,6495
0,0,550048,0
14192,0,064680,14192
0,0,E05310,0
0,0,600270,0
99,0,E05157,99
0,0,600240,0
1176,5714,660030,6890
0,0,580120,0
0,0,600250,0
37440,897,064290,38337
98,0,600022,98
0,663,062470,663
0,0,C525144,0
0,0,065900,0
0,262,E01566,262
0,0,C530874,0
0,457,550600,457
0,142,E00359,142
0,990,550320,990
0,0,C526878,0
0,0,C530775,0
0,431,530190,431
0,0,C528874,0
7579,0,421060,7579
0,0,460100,0
17853,3125,010450,20978
0,0,C531319,0
88614,43679,C527578,132293
0,0,C530820,0
0,0,C523332,0
0,0,C514967,0
0,0,C514652,0
0,0,C528875,0
0,0,C523381,0
0,0,C528115,0
0,0,110030,0
0,0,C521179,0
0,0,C530645,0
0,0,C528580,0
3776,648,464650,4424
0,0,060550,0
0,0,460320,0
0,0,421000,0
694,129,E09020,823
0,0,C528581,0
0,0,E09032,0
266,0,E06759,266
0,0,C530816,0
4258,1667,C528500,5925
0,0,C526716,0
0,0,C521275,0
0,0,C529675,0
0,7086,E05763,7086
0,0,060549,0
0,0,C531806,0
3360,8212,460040,11572
0,0,C527582,0
0,0,C530968,0
0,0,C527673,0
0,0,C530642,0
0,0,C526043,0
1846,0,381290,1846
0,0,381420,0
0,0,C507893,0
0,0,E01389,0
10753,3277,064700,14030
0,0,C531452,0
0,3,010230,3
0,884,10230,884
0,0,C523426,0
0,0,464520,0
0,0,C522997,0
0,0,382890,0
0,0,064740,0
0,0,C531766,0
0,0,C527583,0
0,0,C528579,0
0,24,E01564,24
652,19676,011880,20328
0,0,C507650,0
0,0,381390,0
0,0,C530635,0
0,0,E01315,0
0,0,E01383,0
0,0,C531805,0
0,0,C526503,0
0,0,381550,0
0,0,C530799,0
0,0,C530808,0
497,2325,065520,2822
11973,2566,420690,14539
200,0,E01785,200
0,0,381310,0
1855,445,460470,2300
733,218,E00255,951
785,472,E00262,1257
0,0,C515681,0
0,0,420950,0
0,0,421050,0
0,0,E01396,0
0,0,C531322,0
0,0,460620,0
0,0,382870,0
0,0,010220,0
0,0,460530,0
0,0,C527427,0
0,0,420700,0
0,0,C530805,0
0,0,C528113,0
0,0,C507860,0
380,85,062500,465
0,0,420970,0
0,0,062540,0
0,0,062550,0
2088,1252,460080,3340
0,0,420710,0
0,0,C530677,0
0,0,C529899,0
0,0,C529530,0
0,0,C531332,0
0,0,340359,0
0,0,C530317,0
0,0,C531820,0
0,0,C516689,0
0,435,E01174,435
0,5,E03011,5
194,0,E01580,194
1767,983,E02722,2750
0,0,C527758,0
0,0,C505940,0
0,0,E08658,0
422,322,230750,744
0,0,413840,0
174,0,341785,174
0,0,C530569,0
0,0,C528241,0
0,0,C529206,0
962,6,4012772,968
0,0,C512016,0
0,183,411550,183
500,136,230011,636
179,367,410028,546
0,0,C513407,0
0,7,349032,7
0,0,C513751,0
0,0,C524160,0
0,0,349040,0
0,0,E06308,0
0,0,C508426,0
0,0,540810,0
0,0,C529541,0
0,37,060356,37
0,0,C527366,0
0,0,C512658,0
0,63,341514,63
0,0,230020,0
0,0,C528607,0
0,0,C520263,0
0,0,E07369,0
0,58,E05792,58
45,1051,E06636,1096
0,0,C528611,0
0,0,C529757,0
0,0,E05105,0
0,0,C529395,0
0,0,E01275,0
0,0,C506579,0
0,0,C530479,0
0,0,C529872,0
0,0,C521421,0
0,0,C527826,0
0,0,C512208,0
0,0,C527364,0
0,0,C525152,0
0,13,E05575,13
0,52,4021752,52
0,0,C529212,0
0,0,E07548,0
0,0,C528129,0
0,0,C530622,0
2103,22,C519552,2125
8855,178,412019,9033
0,0,C505677,0
2437,0,345000,2437
0,890,C528600,890
0,0,C527169,0
0,0,C530478,0
0,0,E02828,0
968,0,E03385,968
0,0,C529869,0
0,53,E07586,53
1076,0,E05262,1076
0,0,C530656,0
0,0,C530503,0
0,0,C527363,0
171,0,4017808,171
100,694,412074,794
0,0,C514369,0
0,0,C520188,0
0,226,E01557,226
0,0,C505642,0
0,0,C504994,0
0,0,C518951,0
0,0,342171,0
0,0,C531703,0
378,0,341723,378
0,0,C528242,0
0,240,E05094,240
0,0,C525289,0
0,0,E05186,0
0,15,E06659,15
4275,14,E07938,4289
0,0,C530604,0
0,98,4007392,98
0,0,E03171,0
0,0,E05630,0
0,0,C530774,0
0,0,C531809,0
0,0,C519373,0
0,0,C531336,0
0,18,411020,18
0,0,341116,0
0,0,C527178,0
0,0,C527095,0
0,0,C527532,0
0,1,E07410,1
0,0,C526967,0
0,0,C531222,0
367,0,140241,367
3063,0,344452,3063
0,0,C528170,0
0,0,C529773,0
0,0,E03391,0
0,0,C526565,0
0,0,C529507,0
0,0,C530687,0
55,0,720270,55
0,0,C521886,0
0,0,C524511,0
0,0,C529335,0
1176,0,E06475,1176
2485,0,341916,2485
0,0,C530482,0
0,0,C506582,0
0,0,C529503,0
0,0,E00116,0
0,0,C510284,0
0,0,C530655,0
0,0,C530208,0
0,0,342019,0
0,0,C531743,0
0,0,C530573,0
0,0,E03532,0
0,0,C531337,0
0,0,C529210,0
6778,8,341127,6786
1670,0,E03026,1670
0,0,ZUHGEL,0
0,0,E00069,0
0,0,C530621,0
0,0,C530490,0
0,0,C528608,0
0,0,C511620,0
0,0,C531735,0
0,0,C501067,0
0,0,C528168,0
0,0,C531377,0
0,0,413730,0
0,0,C530213,0
0,0,C530773,0
2021,58,345650,2079
0,0,E02282,0
0,0,C508437,0
0,0,E00764,0
0,0,E00118,0
0,0,C530597,0
0,0,C509794,0
180,0,C505895,180
0,142,E07021,142
16,0,4016339,16
0,0,E02278,0
0,0,C530561,0
734,67,E02276,801
0,0,C527510,0
0,0,E06311,0
0,0,C509949,0
9475,0,340529,9475
0,0,C527833,0
0,0,C508989,0
0,0,C524148,0
0,0,C526842,0
0,0,C531324,0
0,0,C530316,0
0,0,E05110,0
0,0,C524515,0
0,455,E07631,455
0,0,E05124,0
0,0,1001514,0
0,0,C530770,0
0,0,C524519,0
0,0,C529334,0
0,0,C529759,0
0,0,C509952,0
0,0,C519886,0
0,0,C509759,0
0,0,C509881,0
9849,1240,C527825,11089
0,0,C528404,0
0,0,413780,0
0,329,E07647,329
0,298,411050,298
617,356,342212,973
0,0,C518970,0
0,0,E04724,0
0,10233,340280,10233
0,0,E06772,0
0,0,230150,0
0,0,C505048,0
0,0,C525195,0
10803,1063,C528458,11866
4549,1382,E06134,5931
0,0,411940,0
26226,639690,410080,665916
0,0,C528460,0
0,0,C528238,0
0,0,C526802,0
0,0,C527404,0
9861,0,410060,9861
0,0,C527406,0
0,0,230290,0
0,0,230300,0
1282,0,230140,1282
1012,72,411620,1084
0,0,C517356,0
5127,3498,E04723,8625
0,0,C526552,0
0,0,C511711,0
256,0,E01378,256
0,0,C525522,0
0,0,411850,0
0,0,C527403,0
0,0,C514062,0
856,1686,E02612,2542
0,0,E03299,0
0,0,230380,0
0,0,230320,0
6332,89725,410380,96057
0,0,E03275,0
0,0,412870,0
0,0,C513566,0
19318,4122,E02852,23440
0,0,C530916,0
3390,289,413190,3679
0,0,C513643,0
0,0,E02591,0
0,0,340283,0
5598,14304,E02586,19902
0,0,C505063,0
0,0,C509235,0
22507,235,412150,22742
167,3547,E06264,3714
62266,7772,342136,70038
392,523,E03271,915
0,0,C527212,0
0,0,C525188,0
960,81,410490,1041
1041,2518,E04740,3559
0,0,E06766,0
0,0,C517346,0
0,0,342155,0
0,0,C526543,0
8654,0,670380,8654
0,0,C502287,0
44627,4896,412140,49523
586,0,411900,586
0,0,C526542,0
0,0,010570,0
0,0,C526800,0
8721,0,E00556,8721
0,0,E05806,0
0,0,C521598,0
0,0,383160,0
0,0,C531480,0
0,0,C503932,0
0,0,C526137,0
0,0,C526803,0
0,0,383280,0
0,0,383170,0
0,0,C503676,0
0,0,C530346,0
0,0,C525429,0
0,0,C503889,0
3087,61664,E06416,64751
0,0,C525442,0
20643,6577,030080,27220
0,0,C521990,0
0,0,C531478,0
0,0,030100,0
0,0,C526154,0
0,0,C528568,0
0,0,C531490,0
0,0,C530347,0
0,0,383510,0
0,0,770320,0
0,0,C503699,0
0,0,383410,0
0,0,383130,0
0,0,C528565,0
0,0,C526146,0
0,0,C531495,0
3199,0,E08720,3199
21801,6072,100110,27873
0,0,C511444,0
0,0,100240,0
0,0,383330,0
0,0,C506496,0
0,0,780040,0
1323,1635,E01633,2958
0,0,C525448,0
0,0,C529768,0
10142,78,063330,10220
9545,460,069690,10005
0,0,050110,0
0,0,060107,0
11148,447026,210330,458174
3810,401,E09271,4211
0,302,072770,302
0,0,C514824,0
1204,941,070710,2145
0,0,C519992,0
0,0,C502274,0
2043,845,070120,2888
0,0,C516771,0
0,0,C529702,0
12923,1558,070380,14481
24449,2579,E07305,27028
0,0,C521584,0
0,0,E02196,0
0,0,C529570,0
0,0,C506148,0
0,0,C527124,0
0,39,320180,39
0,0,320030,0
0,0,C529566,0
0,0,C526913,0
0,0,C530757,0
183,0,166420,183
4174,54,E03913,4228
0,0,C526472,0
0,0,E08108,0
0,0,C527503,0
0,0,C529699,0
0,0,C529572,0
0,0,C515067,0
0,0,C527414,0
0,0,C531783,0
0,0,230670,0
0,0,E03781,0
0,0,C516749,0
0,0,C506132,0
0,0,C529265,0
293,0,E01426,293
237,956,E03990,1193
0,0,C514894,0
0,0,E02198,0
767,954,E08061,1721
0,0,C502258,0
0,0,C531231,0
0,0,C509718,0
0,0,C529701,0
0,0,071380,0
0,0,C519999,0
0,0,072230,0
0,0,C523747,0
0,0,C531232,0
0,0,C530052,0
0,0,C523892,0
0,0,C523719,0
0,0,C524969,0
0,0,E09278,0
0,0,E06324,0
5714,104,072590,5818
0,0,C514783,0
0,30,060938,30
0,0,C527667,0
0,0,C527500,0
0,0,C522896,0
1506,0,310710,1506
0,0,C502220,0
0,0,C525903,0
0,0,070280,0
0,0,C529706,0
0,0,334340,0
0,0,C520031,0
0,0,C526934,0
7530,2996,072920,10526
0,0,C526558,0
10697,7883,078080,18580
0,0,E03094,0
0,0,E07180,0
80,0,074490,80
1998,0,E05293,1998
4360,50,078210,4410
0,0,330080,0
0,0,C522864,0
0,0,C529562,0
1525,0,E02413,1525
0,0,C527383,0
0,0,E08074,0
0,0,C528374,0
0,0,C508335,0
0,0,C529789,0
0,0,E09303,0
0,0,060954,0
0,0,072120,0
1475,112,066690,1587
26451,318,070340,26769
0,0,C526813,0
0,0,C526856,0
0,0,C531614,0
0,0,E08111,0
0,0,C526309,0
0,127,074710,127
405,0,073580,405
0,0,C530541,0
23249,3745,090970,26994
7397,0,E02248,7397
0,0,E04667,0
0,0,072480,0
0,0,C502257,0
0,0,C527126,0
0,0,C502338,0
0,0,C529690,0
10150,883,150130,11033
0,0,C522871,0
0,0,C526718,0
0,0,C529461,0
687,0,E02089,687
0,0,C523738,0
1318,0,073600,1318
18527,4163,E02193,22690
6354,1085,E03777,7439
0,0,C529697,0
0,0,E04673,0
10878,554,060469,11432
0,0,078230,0
9799,589,072320,10388
0,0,333020,0
0,0,C529377,0
0,0,C521377,0
5483,1429,E07166,6912
0,0,333170,0
0,0,330040,0
0,0,C508232,0
0,0,070400,0
0,0,C502194,0
1929,49,E03065,1978
4876,0,E09277,4876
525,0,E07328,525
2531,924,073500,3455
0,0,334350,0
8405,0,320020,8405
0,0,230680,0
0,0,C516832,0
0,0,E02813,0
0,0,C530544,0
0,0,333130,0
0,0,C526910,0
0,0,C530054,0
0,0,E02203,0
0,0,E08093,0
0,0,C529786,0
0,384,E08063,384
1534,3831,074880,5365
0,0,C506066,0
0,0,C524200,0
0,0,C506144,0
0,0,C529561,0
0,0,333010,0
0,0,078280,0
0,0,C522514,0
0,0,C528182,0
0,0,PEHEGGIN,0
1825,0,201500,1825
0,0,C531139,0
0,0,C526220,0
0,0,C506413,0
0,0,C530897,0
0,0,C518651,0
391,162,C506392,553
0,49,340992,49
0,0,C518675,0
0,148,4017769,148
846,0,C530677,846
0,466,210550,466
0,74,4013071,74
1433,0,C522622,1433
2496,0,4024219,2496
0,3702,C519562,3702
0,1128,4013811,1128
12401,7797,C515162,20198
0,158,C521598,158
0,81,4013829,81
0,464,PEZ,464
0,5,C516314,5
0,0,4029430,0
0,85,C509249,85
0,0,C514824,0
0,401,C527027,401
308,316,C505871,624
0,2962,C510623,2962
15381,925,4009942,16306
0,0,064020,0
2642,165,C522650,2807
304,12598,063610,12902
72,0,4024986,72
616,1004,C526790,1620
0,0,C522625,0
0,0,C526165,0
4852,1671,4013879,6523
40908,5524,C508599,46432
1051,93,C509496,1144
3346,17578,C516652,20924
364,0,4021216,364
0,95,4011810,95
1408,408,C518970,1816
0,103,C524357,103
11628,5004,C526228,16632
0,485,4021020,485
0,7,130020,7
0,779,4011240,779
4803,0,C529899,4803
2459,0,C529198,2459
0,780,4031043,780
0,0,010400,0
0,0,E08113,0
2686,0,4007515,2686
0,39,C528905,39
0,59,C529340,59
0,403,C529530,403
0,110,C528658,110
0,55,C528874,55
0,339,C531681,339
0,0,421060,0
0,61,C521165,61
0,1334,4017556,1334
0,420,C524915,420
0,44,4015074,44
362,0,4016321,362
2880,308,C525651,3188
989,0,339979,989
2449,1885,4016958,4334
0,1539,C521947,1539
658,769,340359,1427
822,167,C531501,989
21851,91159,C528872,113010
5378,634,460100,6012
0,0,680100,0
0,163,4022060,163
0,0,060080,0
0,0,C529661,0
0,230,C508203,230
7192,1831,C526847,9023
32383,13460,4007378,45843
0,350,4032298,350
0,206,4008459,206
435,0,072930,435
0,0,062770,0
0,0,4010640,0
0,186,C506237,186
0,493,C530317,493
0,101,C527445,101
0,731,C507621,731
0,242,4014609,242
0,0,C502403,0
87169,188757,C502403,275926
0,0,C527373,0
11854,12210,C527373,24064
251,0,C522073,251
3010,11694,4014687,14704
0,832,C531613,832
0,0,4011421,0
15000,0,C526974,15000
7430,1821,C512012,9251
0,49,E05139,49
3503,25259,C518931,28762
337,0,NEHLIYE,337
0,7,4011712,7
199,0,342069,199
16,0,C526593,16
0,1267,E00010,1267
3378,124,C510552,3502
230,0,C531558,230
221,-2056,C527998,-1835
1114,621,C522692,1735
1371,802,C516689,2173
0,0,010610,0
56,0,C521584,56
2003,0,E02511,2003
3422,9659,C531319,13081
0,529,4027227,529
0,111,C526312,111
0,0,E03761,0
99,0,4010883,99
0,866,C528402,866
0,0,C527349,0
45,124,C524303,169
0,0,C526791,0
0,219,341104,219
0,0,C527578,0
1215,172,C504890,1387
0,0,420340,0
0,0,E02666,0
0,0,061096,0
0,14,C527997,14
0,0,C519864,0
0,67,E08752,67
0,78,4014503,78
332,0,C531431,332
0,138,E01760,138
7639,47,4007513,7686
0,18,C524485,18
6149,188,C522074,6337
3283,626,C528380,3909
0,281,C519180,281
0,166,E00601,166
0,1091,4012874,1091
142,152,4017381,294
0,598,4017810,598
546,0,4007149,546
0,4586,C501674,4586
319,0,4011927,319
1994,0,C528181,1994
446,84,680270,530
0,50,C529630,50
685,24,4016120,709
45,0,C503168,45
2510,280,C527839,2790
2510,76,069937,2586
0,10,4032269,10
0,0,C523332,0
0,22,4016936,22
0,81,C519976,81
4149,710,C511464,4859
2575,0,4025457,2575
5934,3168,E01724,9102
0,0,C528381,0
0,26,C528381,26
1540,115,4030238,1655
0,212,4022385,212
0,0,C527758,0
0,340,C527758,340
1395,0,4012086,1395
0,143,4016849,143
0,0,E05724,0
1841,0,C516273,1841
258,0,C524978,258
0,803,4012911,803
114,0,4018263,114
0,719,4013753,719
369,0,C528622,369
0,179,C514967,179
0,0,E08658,0
0,0,C527885,0
0,194,C514510,194
2227,198,C527710,2425
0,3692,C526908,3692
23497,135,341414,23632
289,23,C524043,312
0,669,C515266,669
70,399,413840,469
10578,7095,C502430,17673
0,904,C530738,904
0,1846,4011406,1846
0,0,4009837,0
2802,56,C531901,2858
946,611,C526592,1557
0,27,C531212,27
0,0,E07554,0
13178,0,4027859,13178
0,0,E06402,0
0,162,C524923,162
0,4,C527124,4
0,1083,610270,1083
0,0,160120,0
0,122,E06312,122
23,0,4007242,23
0,0,346870,0
35,0,C529607,35
1198,481,4008128,1679
16753,1079,C527872,17832
142,0,C527882,142
975,0,464400,975
24063,7598,C527087,31661
0,0,HC527087,0
3176,0,C527703,3176
1060,0,C508046,1060
0,0,4021653,0
0,0,C526700,0
1001,0,4028339,1001
0,0,E04650,0
4377,0,E01470,4377
0,0,C526946,0
359,0,C504897,359
0,519,4027791,519
0,53540,E04971,53540
385,0,4028607,385
2686,0,4011028,2686
0,133,4025857,133
0,78,C518562,78
0,4340,C504229,4340
1894,1781,C521585,3675
0,2420,4023784,2420
0,0,C531246,0
0,250,4017676,250
1432,3814,4017475,5246
0,36,211070,36
254,0,C527115,254
0,751,C522675,751
42,0,C528095,42
0,0,E01870,0
859,82,4018867,941
0,0,4010600,0
0,0,LEHINEELEHGZIH,0
2479,0,C530757,2479
0,0,C504632,0
0,0,700000,0
502,0,4022578,502
0,368,C521179,368
188,0,C528047,188
0,1268,4014875,1268
0,27,C507764,27
7581,40,C528241,7621
0,6502,C525507,6502
0,3378,4024757,3378
0,4193,4029891,4193
6654,393,E09121,7047
3955,301,C515048,4256
0,0,C529206,0
0,0,C527474,0
22827,4250,C524396,27077
0,0,C513848,0
9317,372,342054,9689
0,0,C524544,0
0,614,C524544,614
0,0,339983,0
2122,25,C523983,2147
2109,0,060418,2109
704,0,4018962,704
1362,100,4009479,1462
7819,0,C526803,7819
2647,205,C526042,2852
580,0,C529912,580
5383,86,C505455,5469
0,0,E00840,0
0,293,C519385,293
0,77,4010680,77
0,0,C528614,0
1259,0,C528614,1259
0,11,4030923,11
862,83,4022141,945
2167,0,C531801,2167
0,0,4013501,0
0,0,4010335,0
385,0,4019285,385
0,601,C527444,601
0,516,C526625,516
0,2095,090270,2095
15543,4954,4010365,20497
455,423,C512016,878
0,0,C526168,0
392,0,230690,392
0,0,E01466,0
0,0,C521361,0
0,763,C506206,763
0,153,4017959,153
171,74,4008441,245
0,0,060605,0
431,0,C527611,431
40843,12398,C514038,53241
4258,0,4017678,4258
0,0,341753,0
0,52,C529088,52
0,81,C530497,81
0,32,C521978,32
0,0,C531740,0
1987,0,C531740,1987
0,0,E01317,0
33497,185970,E01317,219467
688,0,C530098,688
24877,1123,C527683,26000
0,63,4007289,63
0,760,E01811,760
0,0,4007987,0
1046,714,C530318,1760
0,0,C511428,0
0,0,383280,0
0,0,610080,0
262,0,C527533,262
0,1046,C515206,1046
0,0,060410,0
462,1741,C503676,2203
17635,83,C529272,17718
0,0,4011731,0
0,980,4017728,980
0,0,4007383,0
141,0,4019802,141
340,0,C527805,340
0,101,C526467,101
1080,168,C522835,1248
0,128,4013030,128
0,188,4017764,188
9,410,C528143,419
321,72,C509171,393
11451,77,C526472,11528
0,2039,C529398,2039
0,0,4007300,0
1586,38,C530346,1624
0,603,010030,603
1244,44,4010070,1288
188,0,C513300,188
1494,0,C501610,1494
0,1138,E03442,1138
10344,258,4018043,10602
0,3445,4007920,3445
0,12,060036,12
0,960,4007883,960
336,0,C523865,336
2859,0,C508609,2859
0,35,4010079,35
4937,872,C527834,5809
0,82,4019840,82
0,0,067730,0
0,125,510310,125
3078,0,4007322,3078
2541,0,4009602,2541
320,0,541030,320
310,0,4021526,310
0,10994,C526076,10994
0,0,C528141,0
0,342,C524289,342
0,327,4008033,327
0,151,344011,151
250,0,4016928,250
0,0,4007013,0
32111,6137,C521746,38248
0,69,4014471,69
0,52,C525063,52
0,950,4014878,950
0,359,4017360,359
0,320,4011350,320
61,0,4026056,61
0,24,C527503,24
1197,259,C513407,1456
0,0,C529307,0
322,0,E05273,322
422,0,341195,422
0,13,4028742,13
0,417,C505048,417
855,0,4007843,855
0,0,E01506,0
706,1764,C527639,2470
313,0,C529768,313
0,34683,C507534,34683
0,-1326,068010,-1326
0,0,E01561,0
0,1194,4020802,1194
416,551,C513751,967
0,11,4013413,11
0,114,4023547,114
0,4867,C520114,4867
68,630,C529238,698
1123,0,C525483,1123
7914,13190,C527942,21104
1037,0,C502863,1037
2108,1992,C502028,4100
3376,0,4029517,3376
32841,2739,C531864,35580
0,427,4024266,427
0,3,4027985,3
14514,620,C521101,15134
0,1154,4012160,1154
520,1282,4027395,1802
69131,20640,C526411,89771
0,34,C531630,34
0,15137,C522208,15137
0,53965,C523454,53965
0,0,C519887,0
7213,2359,C515067,9572
0,283,060500,283
0,2285,4019705,2285
125,245,C514971,370
0,0,4010189,0
0,85,C512449,85
696,9,4010383,705
0,85,C529367,85
0,0,4018495,0
0,574,4011922,574
0,1999,C526323,1999
0,282,C530351,282
0,0,C529917,0
879,13,C529917,892
0,0,PUZE,0
0,0,C511317,0
1225,9,4011661,1234
0,266,C531139,266
2243,0,C512875,2243
0,278,C507640,278
0,54,LEZ,54
0,1223,C508426,1223
0,268,4031446,268
0,496,C511888,496
0,0,C530509,0
4613,0,C530509,4613
0,0,C526490,0
0,644,C531076,644
5671,0,C502132,5671
0,71,C505104,71
0,4,4022163,4
560,391,4012693,951
0,324,4012916,324
397,598,C527681,995
0,574,163420,574
0,12636,4018132,12636
4072,0,C508765,4072
0,239,4015884,239
1733,0,E07663,1733
0,0,4011513,0
982,266,C525910,1248
216,0,4030659,216
0,228,C527103,228
0,131,550490,131
0,464,4019345,464
138,114,4019426,252
0,362,C530182,362
11332,165,C527213,11497
5285,0,C511657,5285
1408,298,4011176,1706
2389,65,C525429,2454
12,0,344444,12
612,0,344445,612
0,0,453040,0
1848,0,453040,1848
0,0,069962,0
0,0,C503532,0
99975,0,4024082,99975
0,0,011130,0
0,0,C527148,0
1065,0,C527148,1065
0,0,381240,0
0,0,E01708,0
0,0,C522972,0
0,367,C522972,367
0,310,E09136,310
0,0,311120,0
0,82,C510311,82
0,74,4023170,74
0,7,E06501,7
661,64,C527414,725
0,0,060136,0
1217,0,C510531,1217
4280,1181,C527911,5461
8467,348,4013429,8815
292,92,C527289,384
0,583,E06653,583
0,441,C510138,441
4322,113,C503889,4435
0,0,E06405,0
0,37,E01712,37
6029,0,4026041,6029
0,0,C520364,0
0,734,C512821,734
0,107,4030050,107
0,0,C517207,0
6584,101389,C527409,107973
4465,0,C506586,4465
0,7,4022583,7
1885,1731,C527438,3616
286,0,650350,286
0,117,4016847,117
0,137,DUH,137
3531,341,C504891,3872
1327,0,4009758,1327
3161,5030,4024789,8191
4476,6859,C530727,11335
0,46,E05189,46
0,0,429992,0
234,88,C511511,322
9,0,C527036,9
0,0,010580,0
0,268,4016342,268
0,592,C506193,592
0,347,4023486,347
0,0,E03592,0
626,344,C528581,970
0,4297,4030896,4297
0,3037,C531237,3037
0,0,C512836,0
3817,0,4010391,3817
0,3999,4013862,3999
0,486,4012507,486
840,3565,540810,4405
0,218,C529617,218
2404,796,C528624,3200
0,144,C529319,144
0,58,060515,58
989,0,4010467,989
0,291,4020822,291
365,0,4025075,365
0,113,C502321,113
230,17,C506294,247
0,5,C530925,5
0,122,4024354,122
0,100,C527966,100
0,39,060343,39
0,0,063290,0
0,129,C529551,129
2016,1223,4007790,3239
0,3306,4022491,3306
0,0,E07029,0
0,3505,C514335,3505
1009,325,4015098,1334
1606,303,C528355,1909
0,24,C511172,24
4995,77,C518852,5072
1174,0,C505454,1174
0,9082,4027596,9082
0,0,C514024,0
2791,27332,C530714,30123
0,0,344800,0
89,125811,4007802,125900
0,0,C515895,0
145338,3775,C528945,149113
869,98079,342492,98948
0,1092,4028561,1092
64,0,4019388,64
0,101,C504948,101
1721,0,C516749,1721
2114,1586,C529802,3700
0,35,4013639,35
0,987,C521989,987
0,371,C530004,371
0,137,C519495,137
177,0,C528183,177
363,5,C531871,368
3022,1261,C531092,4283
0,72,C504445,72
0,12354,C506622,12354
7410,0,C531844,7410
0,0,C523918,0
1800,1068,C523918,2868
0,0,063340,0
734,977,4010226,1711
0,219,E01783,219
405,0,4026170,405
0,984,C514301,984
31023,13017,C527197,44040
0,270,C514921,270
342,240,4015854,582
0,0,E04439,0
0,2659,411940,2659
0,0,C502776,0
2846,3000,C526715,5846
0,85,E05177,85
0,758,4014576,758
0,0,348580,0
0,19,4025730,19
9676,4224,C530447,13900
17362,17706,CENGIZ,35068
130,0,E04677,130
0,0,4011025,0
0,0,E02725,0
0,0,E02725,0
2760,0,C528607,2760
1237,920,C514614,2157
0,14,440330,14
0,0,194000,0
0,0,C528142,0
0,99,4028731,99
0,287,4007403,287
1430,2775,C528104,4205
0,0,065270,0
0,1667,C531286,1667
0,0,E03320,0
0,196,210430,196
0,16,C531057,16
602,1068,C527179,1670
2226,4005,C530931,6231
0,0,C509256,0
332,0,C520625,332
0,398,4022556,398
11680,180,C504106,11860
0,0,163260,0
0,1007,4016109,1007
180,0,4028795,180
903,467,C501068,1370
0,216,4019796,216
160,0,4025130,160
0,0,C524350,0
1299,0,C524350,1299
0,0,C522103,0
300,182,4019474,482
1657,325,C507177,1982
0,92,C530066,92
1142,6,C516604,1148
0,2250,4029096,2250
0,799,4022504,799
0,5237,C526486,5237
0,82,C520407,82
0,91,4018142,91
12980,4177,C529265,17157
6932,0,C515062,6932
2152,3,C527518,2155
0,44,C526220,44
0,24564,4009807,24564
18672,335,C530830,19007
0,148,C528611,148
0,0,C525950,0
0,24,C523458,24
0,852,4023102,852
1123,0,C522705,1123
0,1153,C527157,1153
0,75,C531299,75
0,78,C510096,78
0,20,4028363,20
0,0,C529757,0
184,0,4011646,184
14647,4500,C501016,19147
0,1813,450090,1813
0,56,C528098,56
0,2975,C523867,2975
0,0,073070,0
1637,0,073070,1637
3599,0,4022762,3599
2527,0,C529463,2527
0,147,C526587,147
428,489,C529395,917
0,5253,311180,5253
0,0,064770,0
100,0,4020514,100
15166,5020,C503167,20186
8858,67748,C531392,76606
6308,180,C523761,6488
345,0,C530190,345
0,3880,4016481,3880
0,46,C521247,46
0,1206,4017814,1206
0,67,E05353,67
0,582,4018395,582
0,263,C506252,263
0,0,014620,0
0,36,4025632,36
0,14,C510794,14
0,463,4020981,463
0,0,347410,0
738,65,C506579,803
29654,814,C514894,30468
1943,0,4007091,1943
9287,417,4007093,9704
404,360,C514063,764
1468,1005,C531823,2473
267,0,C528238,267
0,33,E09274,33
0,69,C529624,69
2636,1928,C531912,4564
0,235,C511378,235
1442,0,4024173,1442
6987,82263,C529677,89250
0,0,C513263,0
30503,396637,C513263,427140
0,214,4016582,214
0,138,320490,138
1267,2784,066560,4051
217,86,C527408,303
1050,0,C513142,1050
13850,209,C526585,14059
0,2103,E02198,2103
0,25,E03303,25
0,1734,C521421,1734
0,149,C528264,149
0,0,C520575,0
0,86,C527302,86
10389,7034,4007044,17423
0,411,4016091,411
0,144,E06683,144
45,0,4021754,45
0,467,4016552,467
0,31,4017712,31
0,131,4011138,131
0,3659,4027679,3659
15430,255,C512208,15685
0,170,C527359,170
2838,304,C527205,3142
0,1303,C528920,1303
1216,314,4017520,1530
0,895,4025190,895
1178,329,4013394,1507
1762,0,4027557,1762
8866,1158,C518137,10024
503,76,163250,579
0,2571,4012153,2571
0,0,060950,0
0,0,E07050,0
0,602,4025092,602
0,0,C530520,0
0,59,C530520,59
0,1092,350420,1092
3948,2602,C505295,6550
0,42,4012454,42
0,939,C531240,939
0,939,4015012,939
0,0,350540,0
0,0,350540,0
465,1269,352800,1734
0,861,C521789,861
0,0,720350,0
340,0,C515444,340
0,134,C528748,134
0,64,066680,64
0,249,413050,249
0,22,4013517,22
0,27490,C508105,27490
0,303,C512216,303
537,0,4022950,537
0,0,060262,0
0,0,C520492,0
5690,5455,C520492,11145
376,436,C525152,812
1042,1917,4014590,2959
0,1641,E05896,1641
0,18,C513311,18
0,2070,E06606,2070
0,0,C504923,0
0,142,C512100,142
0,0,C531437,0
541,301,C505637,842
0,1046,4022776,1046
0,1621,C522294,1621
687,813,E03123,1500
0,0,C525332,0
3818,0,C529844,3818
0,268,C531231,268
251,0,4017919,251
960,0,4018873,960
0,1502,4020892,1502
0,114,4019470,114
874,83,C512785,957
0,351,011070,351
0,2332,C528245,2332
0,0,510010,0
0,80,4013980,80
0,714,C508363,714
0,497,E03608,497
366,0,4025030,366
13565,3192,C529449,16757
0,42,4019467,42
0,172,4014273,172
0,173,C525857,173
460,0,4020821,460
2150,171,C526716,2321
0,645,4015135,645
1692,0,C526451,1692
246,848,C527564,1094
0,1092,4019409,1092
451,0,C531465,451
0,0,341390,0
1134,67,4007160,1201
954,71,C509718,1025
930,81,C528129,1011
0,1534,E02165,1534
0,68,4029109,68
48730,32166,C526091,80896
798,131,4011296,929
0,301,C522469,301
357,0,4013245,357
1048,0,4028539,1048
0,1119,C528882,1119
0,83,C502435,83
892,93,EZUL,985
364,0,4026537,364
325,439,C531285,764
0,162,4016581,162
0,34,4016499,34
0,0,C530843,0
1443,0,C530843,1443
617,0,C521275,617
0,0,380010,0
0,7,C522846,7
236,1442,C528741,1678
391,0,4020759,391
0,152,C509553,152
0,113,071380,113
0,0,010130,0
0,35,C514102,35
5475,286,C505708,5761
3863,0,4020648,3863
0,571,4030633,571
0,117,C514617,117
819,35,C526900,854
219,40,C527804,259
1362,8627,061030,9989
0,185,4010674,185
199,46,4007788,245
0,107,C530348,107
1629,168,C530788,1797
0,0,C523758,0
0,54,4030019,54
58,161,060119,219
43547,8228,C526773,51775
5928,0,C521990,5928
684,93,C529264,777
0,2291,4030743,2291
0,438,4016817,438
694,0,E00965,694
150,284,C530626,434
3351,0,C528187,3351
0,218,4031932,218
29842,690,C514088,30532
0,372,C512635,372
0,0,331330,0
0,1021,C526978,1021
0,0,250250,0
6351,0,250250,6351
0,0,4007550,0
434,0,348385,434
0,689,4010639,689
0,0,346060,0
3150,0,4022162,3150
0,0,C529231,0
4286,721,C520479,5007
0,0,C517277,0
0,0,C531877,0
0,21,340403,21
0,68,C527310,68
0,0,430720,0
13344,25837,101200,39181
8333,155,430710,8488
870,0,C527372,870
0,460,4017723,460
2665,1940,4007943,4605
0,0,C521941,0
3475,238,C531478,3713
180,0,C526591,180
0,0,C505798,0
21788,54,C528654,21842
0,661,4015838,661
178,0,4025665,178
0,16,C512260,16
0,171,C514190,171
24957,4501,4031962,29458
89249,34129,C506387,123378
0,6138,C524948,6138
0,28147,C530478,28147
5856,19,C531235,5875
0,409,C529287,409
0,805,C508781,805
0,3611,4009754,3611
0,0,C528048,0
2310,0,C528048,2310
91,0,4022532,91
845,0,C526839,845
3161,0,C524756,3161
2631,822,C512769,3453
444,0,4011364,444
4070,4409,C527341,8479
16862,409,C519856,17271
2849,0,4018506,2849
5518,129476,4026090,134994
0,0,C526991,0
3723,7324,GUHCE,11047
0,0,720030,0
1234,192,C527081,1426
1636,51,C528389,1687
920,0,C519696,920
3989,462,C531698,4451
454,0,4026428,454
0,0,E08649,0
3307,945,4010617,4252
0,423,4016373,423
1190,921,C528219,2111
258,0,4022121,258
8229,0,C526051,8229
0,30089,E01867,30089
0,0,C515325,0
66143,447440,C515325,513583
0,0,065410,0
1007,0,C530595,1007
0,0,C521686,0
1484,0,C521686,1484
0,0,C524837,0
28770,4407,4010086,33177
715,0,C507543,715
0,0,C528720,0
62926,99302,C528720,162228
0,1386,4013364,1386
767,424,4007968,1191
0,2672,E00994,2672
297,78,4028520,375
0,13,C531232,13
0,42,C530546,42
0,42,C504182,42
0,2715,E01570,2715
0,1253,C528102,1253
0,0,C527740,0
0,582,4024042,582
14521,5956,160770,20477
112,0,349911,112
0,1048,C530052,1048
0,0,E02452,0
0,135,C507945,135
0,2039,4017768,2039
7785,0,C510302,7785
6696,0,C511813,6696
3961,0,C529869,3961
646,1231,C510127,1877
1943,0,C530826,1943
0,0,E03399,0
0,0,E03787,0
8184,0,E03787,8184
0,0,351650,0
330,0,351650,330
213,0,4013716,213
613,0,C526559,613
0,145,C509575,145
1107,153,C501548,1260
0,0,C530881,0
0,0,C505747,0
3113,43,C531552,3156
0,0,E02774,0
2817,0,C523970,2817
0,336,E02824,336
7652,0,C524676,7652
0,145,4018030,145
498,131,4014372,629
0,0,4011112,0
6753,628,C526885,7381
0,0,352840,0
0,172,E03520,172
197,252,4014673,449
0,0,C524969,0
238,93,C514826,331
1044,0,C522858,1044
612,332,C530503,944
15100,1999,C524073,17099
7352,9535,C526460,16887
230,0,E03767,230
301,566,C528111,867
0,95,E07304,95
171,111,4020764,282
0,0,4025222,0
25187,6941,C517078,32128
17430,2144,HELECGUZ,19574
0,0,C531906,0
7611,0,C531906,7611
1291,0,C523253,1291
901,0,C528589,901
3597,1566,E06324,5163
110198,3913,320250,114111
1551,0,4017494,1551
0,40,E08727,40
0,41,E08721,41
0,16,4028989,16
6695,0,C528646,6695
1818,0,C512897,1818
0,435,C527363,435
5908,1592,C513075,7500
2826,2609,C526432,5435
0,61,C528713,61
80,2450,C520132,2530
0,70,C531113,70
0,0,060549,0
0,42,630860,42
0,278,E05234,278
0,0,C521570,0
0,0,C521570,0
7977,0,C529473,7977
2458,290,C522917,2748
1803,10980,C514246,12783
599,143,C528569,742
525,403,C514369,928
0,0,C526092,0
215,0,E07991,215
703,15762,290060,16465
335,0,C530689,335
1506,0,C512702,1506
0,0,C529645,0
0,43,C514377,43
5575,26165,C524447,31740
3002,112,C501103,3114
0,640,C516606,640
0,61,4015019,61
9386,0,590040,9386
0,0,C505102,0
0,74,C520188,74
2425,0,C514783,2425
0,7,4017843,7
0,64,340774,64
0,0,C530256,0
0,0,E02436,0
0,53,C507136,53
507,58,4016301,565
0,0,C531713,0
0,137,4025143,137
4040,2238,C511711,6278
0,0,060737,0
0,44,4024834,44
0,500,4018066,500
0,60,E06450,60
181,0,4012976,181
0,86,C526321,86
173,0,C528688,173
0,63,C505642,63
2357,5,C518542,2362
0,0,430140,0
315,231,410360,546
0,257,4021739,257
109,174,C524564,283
0,1816,4021172,1816
0,1661,060621,1661
0,156,C504699,156
0,0,060431,0
913,465,C508986,1378
0,1212,4020663,1212
3465,39,C504997,3504
93,112,C518951,205
4262,0,C527342,4262
0,0,E02398,0
0,121,C508151,121
1359,1294,342171,2653
0,44,4012077,44
0,1140,C530473,1140
0,0,C528902,0
98,0,C511549,98
0,86,C527102,86
0,366,C529643,366
280,0,411760,280
0,2070,4029538,2070
0,176,C529439,176
11877,41,C530559,11918
3111,0,C531457,3111
3733,4911,C503660,8644
0,1063,4023171,1063
993,0,069800,993
0,34,4016136,34
5566,202,C531703,5768
611,6346,C529371,6957
0,400,C511326,400
0,737,C525945,737
3919,0,4021753,3919
0,50,C531550,50
491,0,C527667,491
0,0,4009898,0
1106,1043,C524938,2149
313,0,4006846,313
0,146,342015,146
0,319,4023026,319
1509,218,C515068,1727
199,0,C528575,199
43,130,4006995,173
0,0,C531566,0
0,0,C529405,0
0,56,E07270,56
173,841,010180,1014
407,44,4017155,451
525,0,4014014,525
0,0,4020429,0
82,0,C529612,82
0,2533,C523388,2533
261,200,4019332,461
210,0,4022857,210
1674,0,4025793,1674
0,1721,060748,1721
570,55,101520,625
0,0,4007407,0
0,987,C522217,987
12516,19195,311280,31711
0,0,C525896,0
0,4872,063950,4872
0,0,C529443,0
1073,19,C527500,1092
0,82,C503187,82
0,528,4015457,528
155,0,4022536,155
631,0,4013378,631
0,312,C528199,312
0,123,4019469,123
0,206,067000,206
0,0,342246,0
350,34,C525522,384
24471,78,C529431,24549
0,0,389987,0
643,0,4017008,643
7161,0,4030144,7161
3205,1522,C505760,4727
0,220,C516305,220
699,0,359969,699
0,17,C527775,17
0,3828,4025013,3828
0,116,C520691,116
473,262,C508359,735
0,4986,4017778,4986
369,0,C526702,369
0,538,C521052,538
0,2978,4013754,2978
0,0,067880,0
573,0,4017180,573
591,0,060903,591
0,18,4017761,18
0,1747,4022663,1747
3615,0,C525445,3615
44,281,4029294,325
381,0,4021818,381
0,570,4014515,570
0,0,066760,0
0,0,353660,0
0,0,010960,0
3688,0,010960,3688
3185,926,4008377,4111
0,0,4010615,0
0,444,4028107,444
0,55,C519674,55
0,34,C530888,34
0,139,C531631,139
87,51,C522680,138
249,131,C503625,380
0,0,C528643,0
0,0,E02222,0
0,24,E01696,24
0,110,072900,110
0,0,C530878,0
78873,31482,C527163,110355
2264,2306,C525197,4570
74612,7878,C516585,82490
861,316,C508400,1177
490,4968,C530901,5458
0,186,C508142,186
254,0,C528258,254
0,454,C530968,454
0,68,C504885,68
1391,0,4019654,1391
0,210,C509519,210
1308,0,C526806,1308
310,456,C520289,766
0,0,E06026,0
0,16352,4011150,16352
33797,44334,4010251,78131
141,1971,4021771,2112
0,450,4031530,450
0,0,061370,0
0,36,4024088,36
0,2,4021556,2
509,1037,430870,1546
2981,0,411850,2981
4803,12180,4024189,16983
0,314,C517208,314
23256,3153,C530467,26409
0,0,C527673,0
0,582,090450,582
0,156,C513644,156
140,792,4013545,932
1357,384,C526025,1741
0,3265,4017767,3265
0,110,C515722,110
456,0,4014579,456
2821,130,530170,2951
0,608,C530020,608
392,0,355630,392
0,132,610780,132
29715,1229,C531653,30944
2661,43,4007859,2704
125,0,C527345,125
0,1435,C522900,1435
94,0,C527397,94
0,14,C515575,14
174,521,C527403,695
360,0,4012653,360
0,61,C529857,61
0,2243,4019333,2243
153,1022,C513178,1175
0,1158,060215,1158
619,291,210250,910
0,3122,C527285,3122
0,576,E06068,576
19833,251,C528180,20084
0,37,4026098,37
1849,1387,C514062,3236
182,121,4021118,303
260,184,C500812,444
0,867,C531616,867
0,4404,C521962,4404
29374,3847,C512354,33221
0,0,C531456,0
0,185,C522552,185
0,0,065371,0
0,0,310220,0
0,0,E02598,0
3463,667,C505835,4130
0,18,4022628,18
423,52,4011401,475
0,373,4017397,373
7686,0,4009835,7686
0,82,C501060,82
0,0,C529352,0
0,89,4023403,89
0,55,4007817,55
0,25,C522442,25
2580,1077,C526043,3657
0,0,C503701,0
0,130,C503701,130
7626,0,C506451,7626
1075,0,4023112,1075
2568,24,C526257,2592
0,0,C531424,0
0,0,381290,0
4890,2133,C514573,7023
0,0,E06438,0
0,0,E06438,0
0,355,440180,355
506,0,C527675,506
55811,22123,358200,77934
0,7803,C522713,7803
1096,114,C526752,1210
1149,313,4011650,1462
0,0,C530693,0
0,0,350820,0
1914,221,C516092,2135
0,0,332160,0
0,676,C531931,676
0,340,4019550,340
0,9,4007729,9
410,0,E01194,410
0,2170,C526972,2170
0,1359,C516686,1359
0,286,C525903,286
0,143,4027264,143
0,1155,C528309,1155
0,3357,C501147,3357
65,0,4007042,65
0,0,C506186,0
0,16,4013737,16
0,341,4022007,341
293,0,4009962,293
90,0,C529706,90
0,53,067430,53
0,0,E06260,0
2110,87848,C524821,89958
5000,0,4021829,5000
0,0,090110,0
0,1529,C524027,1529
0,14,C504611,14
5377,227,4011605,5604
632,20,C505042,652
0,0,E06064,0
1760,0,E06064,1760
7550,8532,C519373,16082
609,248,C519445,857
0,6,4029635,6
1013,12,C525988,1025
0,10,471070,10
1492,121,C529204,1613
0,308,4017851,308
0,0,C531453,0
165,120,C526904,285
0,53,4014876,53
0,568,4025243,568
2219,2343,C520031,4562
0,0,C516354,0
0,15,341116,15
0,14507,C509848,14507
0,335,C504848,335
0,57,161120,57
4277,0,C511427,4277
0,185,C526934,185
483,0,4015882,483
5239,406,C518690,5645
0,284,061145,284
1223,27,C511661,1250
0,51,4031082,51
0,0,C527776,0
0,979,C527776,979
1062,0,C527095,1062
2384,0,C514435,2384
26076,787,C514345,26863
486,0,4019295,486
0,1737,4017948,1737
0,6746,4018067,6746
0,0,C528044,0
19478,3955,4015616,23433
2940,0,C507954,2940
0,48,C526558,48
0,496,C524735,496
7850,818,C527335,8668
17480,34553,C504673,52033
460,0,4020939,460
0,0,359956,0
9667,0,4030654,9667
1069,54,C527532,1123
0,133,E01961,133
0,0,061115,0
1273,0,4023250,1273
0,0,410290,0
12899,1795,C528384,14694
287,0,4010979,287
0,134,382900,134
326,0,4007752,326
0,538,C530823,538
5965,1532,C521893,7497
0,20,C518956,20
0,185,C525263,185
0,35,4031776,35
1476,1342,C525934,2818
0,0,464320,0
82,1411,C510576,1493
0,5,C526727,5
305,250,4012640,555
0,416,4011647,416
2468,601,C528099,3069
0,0,381020,0
0,0,383550,0
793,0,383550,793
648,89,C513212,737
1341,0,4012097,1341
530,0,C505239,530
0,332,E02702,332
128,0,C525557,128
0,939,4019844,939
13,78,4031803,91
663,20072,4017892,20735
6874,898,4014692,7772
0,0,4008222,0
366,0,4025525,366
0,109,4025761,109
557,0,4028200,557
1764,204,C527387,1968
0,171,C525022,171
0,949,4007108,949
0,243,060719,243
1235,868,E08404,2103
849,266,C531069,1115
5634,72,C524373,5706
703,235,C531250,938
0,0,C501451,0
0,256,4016983,256
6148,88797,C527602,94945
0,0,E04934,0
29219,41,C530832,29260
0,0,C526820,0
315,0,4012035,315
201,0,E03416,201
0,0,4007157,0
0,0,060209,0
0,788,4014059,788
359,0,C524328,359
0,0,C511871,0
2208,0,C511871,2208
0,0,C529771,0
0,85,4018292,85
0,128,C514283,128
3888,0,C504957,3888
0,46,4018063,46
145,0,528362,145
653,0,4017313,653
0,378,C508060,378
2682,0,E03670,2682
110,0,C513737,110
1086,10700,C519210,11786
0,0,062830,0
0,0,060124,0
20071,15895,C528709,35966
516,0,4016574,516
90,1122,C513408,1212
894,24,4013654,918
366,0,4025901,366
0,0,E05469,0
0,586,4027202,586
20342,4625,C527315,24967
1482,0,4016228,1482
0,16,4023348,16
0,521,4014509,521
0,0,340743,0
0,112,4029414,112
0,0,C509497,0
0,0,411010,0
437,3539,C528271,3976
2125,26,C518856,2151
0,360,4015335,360
0,83,C530257,83
0,25,C505326,25
88,0,4010096,88
2847,0,C531452,2847
0,0,010230,0
0,0,E08443,0
2545,0,E08443,2545
0,0,4010348,0
449,1238,4013999,1687
4421,606,C523520,5027
0,170,E01849,170
0,0,4009750,0
28813,0,4012100,28813
0,7,4031892,7
2806,1591,C502160,4397
0,131,C512854,131
0,0,C507828,0
397,59,311540,456
0,3047,C513566,3047
265,748,E03450,1013
12096,11269,C501152,23365
0,0,4026990,0
364,476,C527899,840
3774,0,C527435,3774
0,59,4031628,59
0,16,4017316,16
5919,77230,C527219,83149
0,268,C530849,268
0,64,C502483,64
0,2304,4028535,2304
0,1097,C524720,1097
0,123,4016721,123
2708,1728,C524929,4436
0,0,C519165,0
2324,7,C519165,2331
0,0,061580,0
1089,6857,C525187,7946
0,0,C529696,0
0,707,C523931,707
23320,2348,C521977,25668
0,0,C531849,0
0,0,130200,0
468,686,C529773,1154
0,45,4031229,45
0,27,C527384,27
2134,0,4007153,2134
0,0,069946,0
0,0,480230,0
12246,287,E01443,12533
0,0,C527395,0
0,0,C504273,0
29514,1234,C504273,30748
12067,0,C523426,12067
0,630,4011001,630
0,1921,C526431,1921
15524,5123,4007622,20647
2738,969,4010472,3707
0,390,C529467,390
0,0,E01652,0
0,-233,065399,-233
195,0,4019346,195
0,0,4022861,0
12665,71,C528093,12736
9332,2657,4012318,11989
1077,2291,4010450,3368
5031,0,C527383,5031
0,628,4021127,628
0,346,C504462,346
6122,2975,C527788,9097
877,87,C514312,964
1439,295,C526511,1734
0,877,4024571,877
13181,0,470040,13181
818,22778,4012298,23596
12755,1472,C524418,14227
3025,0,4025729,3025
5527,131978,C527416,137505
447,329,4008212,776
0,78,C526812,78
0,49,4030328,49
0,140,450290,140
0,0,464520,0
2606,0,4027103,2606
0,51,4028261,51
2021,62,E05127,2083
1206,0,4025095,1206
0,50,C522822,50
0,47787,C530916,47787
0,10,4012020,10
0,0,060181,0
634,0,C527037,634
0,0,C525276,0
3796,1358,4010681,5154
0,102,C528587,102
25653,13,C514201,25666
0,229,C531473,229
217,0,C525110,217
0,0,C529278,0
0,0,C508390,0
0,4102,C527308,4102
3495,63,C507947,3558
136,0,065560,136
0,180,C513873,180
0,112,C529306,112
0,1045,C528112,1045
0,0,C522987,0
0,20,C528374,20
0,0,C502700,0
6074,799,C530631,6873
135,0,4013997,135
755,0,C503502,755
876,636,C529962,1512
178,0,C502739,178
0,77,C530524,77
0,34,C506420,34
0,58,C525216,58
9550,4493,4011190,14043
99,0,C529760,99
0,74,C522997,74
0,133,C526086,133
0,1308,C528694,1308
3732,0,4013113,3732
506,0,C526607,506
3491,210,4008396,3701
0,14,4027672,14
0,23,C528328,23
0,613,E04446,613
0,48,4030802,48
0,206,C519091,206
0,328,C530897,328
0,259,C525398,259
668,2438,C506864,3106
2665,711,C503720,3376
1914,1700,C517184,3614
0,62,4026503,62
639,34885,4009773,35524
247,0,4018779,247
0,0,332100,0
0,0,C511368,0
0,238,4031891,238
7178,306,C530767,7484
0,314,4028335,314
98,0,4016938,98
0,0,061640,0
4817,1201,C520476,6018
0,116,4031041,116
45,0,4019265,45
0,0,C528172,0
1780,49,C531151,1829
0,188,E01817,188
14608,1901,C525815,16509
0,1327,4021997,1327
3287,3923,320410,7210
1247,0,C511289,1247
0,0,C520247,0
0,423,4018297,423
993,0,064200,993
0,0,C525628,0
495,309,C521886,804
0,17,4022301,17
486,839,4007959,1325
162,153,C517377,315
936,384,4010599,1320
0,0,C528562,0
12506,14371,C531766,26877
258,307,C529257,565
0,0,C518995,0
0,0,E02343,0
0,22,C505815,22
0,99,4019207,99
9468,2241,C530532,11709
40,0,C515014,40
197,4970,C529516,5167
0,0,C504717,0
17381,0,4009706,17381
0,0,E09329,0
0,155,C514451,155
0,217,4018678,217
0,0,066850,0
0,229,066850,229
0,18,4015731,18
4169,3,4018923,4172
0,134,065372,134
1779,166,4006820,1945
563,286,C530446,849
52,0,C529335,52
9915,931,4018279,10846
0,0,C521834,0
0,143,C521834,143
0,0,C524672,0
433,69,C527254,502
1509,0,C529414,1509
0,0,061730,0
8573,3294,C527561,11867
0,0,C528822,0
0,2425,4028735,2425
0,0,C526759,0
486,3174,4014311,3660
0,5834,4012328,5834
1379,6100,4012345,7479
0,0,C531826,0
476,0,C531131,476
2681,0,E01367,2681
5400,70,C527346,5470
0,0,E07331,0
2159,1698,4009819,3857
0,115,C527149,115
0,261,C503170,261
0,12,C508163,12
0,42,C529503,42
0,0,C524662,0
0,16,C518651,16
0,527,C531221,527
3341,0,C526517,3341
0,52,4017535,52
105,0,4021834,105
0,66,E03776,66
0,0,E03582,0
0,0,C530437,0
624,439,4019726,1063
0,14,4026216,14
324,0,C521734,324
0,0,C507673,0
0,27,4021827,27
0,23,C526458,23
0,0,C503661,0
0,270,C503661,270
366,0,4028553,366
0,156,C522512,156
624,0,E01709,624
273,431,C529285,704
0,0,C514149,0
0,126,C504221,126
577,0,C531828,577
1107,26,C513141,1133
0,0,341024,0
0,0,068150,0
0,125,4007049,125
0,94,C528943,94
0,-246,C522054,-246
0,0,C523036,0
0,0,C530590,0
0,0,210330,0
0,0,E09334,0
0,221,C528433,221
0,0,C510040,0
0,197,4024971,197
681,263,C518114,944
18366,2165,440580,20531
3273,515,C507248,3788
0,29,C529979,29
0,0,E07808,0
0,0,4010456,0
0,0,C527160,0
410,495,C504447,905
0,72,C528415,72
0,4,4029091,4
0,535,C524933,535
16,0,4024021,16
1037,175,4006849,1212
39470,1201,C526856,40671
0,2,4024492,2
1179,0,C522490,1179
0,1287,4017153,1287
0,0,C524686,0
51922,497883,C524686,549805
0,155,C509026,155
0,420,C530519,420
471,3454,C531544,3925
0,2153,4016701,2153
0,33,4017209,33
0,0,481150,0
0,531,C519435,531
110,0,C530277,110
0,591,4031769,591
0,68,540730,68
0,0,010260,0
463,99,C527760,562
0,12,410044,12
100,0,C510284,100
0,24,4009954,24
0,86,C531614,86
143106,505776,C519942,648882
44292,480,C523636,44772
609,0,4022028,609
0,812,C521001,812
0,0,C528210,0
0,141,C519232,141
0,2518,4017583,2518
3238,791,C527950,4029
628,914,C526761,1542
1545,303,C515011,1848
1048,0,C526309,1048
0,8,C502090,8
7654,903,C530655,8557
0,562,C531149,562
0,3251,4011942,3251
2549,1191,C531888,3740
0,317,C512151,317
0,18,C507650,18
0,2540,C509339,2540
0,0,539999,0
0,0,C528836,0
0,0,C528836,0
8756,511,C519563,9267
0,784,C526299,784
366,0,4025811,366
364,0,4021860,364
927,119,4020657,1046
0,0,C530208,0
0,58,GUNIGEH,58
0,56,C504852,56
0,78,E05790,78
278,278,4020503,556
0,92,C529911,92
0,0,E07805,0
313,238,4011535,551
45,156,C511163,201
141,0,C512735,141
0,2042,C507776,2042
0,0,063630,0
0,4756,C530635,4756
2677,2668,520380,5345
2839,0,4013964,2839
1083,2888,380490,3971
65,0,4023786,65
1003,5,E02739,1008
61,0,4021246,61
0,102,C524561,102
4179,20,C508347,4199
58,193,C529879,251
0,1035,C531743,1035
0,5398,4013925,5398
30659,31650,061024,62309
0,856,4012592,856
0,268,4013751,268
750,0,770320,750
1389,2757,E01315,4146
16368,2636,E01383,19004
5287,2272,E01767,7559
0,1598,E03393,1598
0,171,C527898,171
0,125,C525356,125
32,0,LENEGELENG,32
385,0,4019251,385
5334,2665,065330,7999
6871,2180,4016818,9051
0,0,C531223,0
0,42,C506786,42
0,71,4024171,71
363,0,C531376,363
364,83,4024918,447
0,0,C522429,0
6060,483,C501450,6543
0,95,C530850,95
0,185,4018971,185
0,767,4014671,767
2266,221,C527648,2487
366,3,C527190,369
0,0,339992,0
0,0,C531805,0
849,64,E03532,913
397,0,C519697,397
545,0,C531635,545
0,705,014200,705
2711,0,E03633,2711
0,55,C525540,55
340,315,E08872,655
0,74,C528239,74
0,0,4009656,0
0,19,E02682,19
0,1824,C506738,1824
0,3121,C507292,3121
473,0,014780,473
428,0,C526503,428
1160,223,4007237,1383
0,2553,C507633,2553
1538,5447,C515624,6985
0,5,C510153,5
1796,0,4028031,1796
0,364,C524864,364
0,0,062880,0
0,0,C517179,0
0,303,C504535,303
0,41616,C526298,41616
0,220,E09107,220
223,13,4010735,236
0,0,C531963,0
365,1196,4010258,1561
5744,1943,069070,7687
461,0,C520237,461
0,100,4030623,100
0,0,190310,0
0,511,C522974,511
0,0,4029744,0
985,5373,C525954,6358
0,104,C514022,104
0,0,C527631,0
1012,0,4019696,1012
24295,4205,C530541,28500
0,8324,061137,8324
25064,12998,C526166,38062
0,680,C529843,680
555,75,4012101,630
0,549,C501652,549
0,0,031180,0
0,0,063850,0
418,0,C529284,418
0,97,C531747,97
0,21,E01366,21
0,0,C528530,0
400,0,C528530,400
0,0,C511684,0
247,0,C511684,247
142,0,4024313,142
271,0,C528730,271
0,115,4030034,115
5567,1898,C525112,7465
534,3,4014879,537
3737,0,4012760,3737
896,418,C529931,1314
650,21,C531775,671
85,191,060188,276
0,445,4010355,445
0,0,4008104,0
0,0,066580,0
14164,485,383130,14649
440,0,C512709,440
0,0,E09094,0
7345,48085,E09094,55430
0,0,C525050,0
12541,20846,C525050,33387
40,10326,E01905,10366
0,68,LEHLEG,68
60,0,C519089,60
0,0,E06288,0
0,0,C506957,0
0,21,4024907,21
0,0,239998,0
77,0,4028801,77
250,0,E08433,250
0,4103,065389,4103
0,1212,342051,1212
0,0,4007518,0
0,0,C525865,0
17902,160,C525865,18062
271,0,420610,271
5694,132,C528565,5826
1173,0,4028897,1173
0,366,4007172,366
153,0,E00069,153
0,86,C527990,86
158,3049,C525818,3207
7784,92,C526684,7876
0,1002,380160,1002
4004,258,C524780,4262
0,0,C530675,0
0,253,C501589,253
170,0,C529690,170
0,57,4028556,57
5760,123,4007951,5883
0,4,LEGIF,4
1881,26485,341486,28366
999,0,4017711,999
0,706,4013787,706
10712,2764,C530320,13476
934,0,C530859,934
0,0,C527755,0
10114,0,C527755,10114
1614,0,4011541,1614
953,740,4024755,1693
0,50,4022574,50
3737,116,130160,3853
180,456,C514556,636
3914,362,340307,4276
1089,50,C526691,1139
165,0,C527101,165
0,0,E00011,0
0,726,C530148,726
0,0,340804,0
497,0,340804,497
0,0,C528217,0
58617,296834,C528217,355451
0,0,C525918,0
1597,0,C525918,1597
0,0,E08009,0
130,0,4029632,130
9538,1215,C522582,10753
87,0,4021117,87
1209,420,C523541,1629
76,225,C507644,301
0,177,4030863,177
0,151,4023370,151
0,0,4010242,0
0,265,C508218,265
0,51,4030753,51
3909,0,C509235,3909
0,61,E07630,61
0,381,4010868,381
0,46,4028353,46
0,144,C502767,144
293,0,4017944,293
0,0,C528585,0
0,107,4009585,107
0,0,C524302,0
5910,986,C524302,6896
4370,312,C530799,4682
0,0,480670,0
857,3406,C517292,4263
0,1178,C517100,1178
18662,2416,C526718,21078
0,0,C531639,0
0,0,C531639,0
0,115,C511526,115
0,0,C528140,0
0,306,4014088,306
319,0,C530547,319
1188,0,C527599,1188
0,511,4017317,511
640,0,4007938,640
341,0,C529755,341
55,0,4007592,55
798,0,C524694,798
943,27,C511620,970
443,0,4008414,443
0,55,E02005,55
0,36,C514456,36
309,0,342458,309
0,10,4017220,10
3843,2896,E06651,6739
0,0,610060,0
949,1119,C501107,2068
377,1219,C530937,1596
0,0,4010403,0
0,0,4010199,0
0,0,353970,0
0,266,4026460,266
264,0,C531504,264
0,163,C515665,163
227,157,4029396,384
607,53,C529461,660
1924,0,C511291,1924
0,6943,C530112,6943
0,0,342469,0
0,21,4028207,21
0,1669,4016583,1669
0,967,C527234,967
3222,0,C503210,3222
0,39,4024163,39
0,16,4021718,16
0,0,540250,0
1538,83,4017157,1621
387,0,4024195,387
888,0,C528168,888
2039,0,C524339,2039
768,0,4031519,768
0,97,C526656,97
6017,161,C520161,6178
4532,0,C531270,4532
0,0,C517204,0
1806,332,C528753,2138
0,0,C522297,0
0,0,C521530,0
924,0,4015691,924
0,0,429939,0
0,261,4017891,261
782,0,341004,782
0,0,C503003,0
0,48,451320,48
0,396,4010461,396
0,2169,C503751,2169
220,0,C530554,220
0,0,011730,0
564,0,011730,564
17,188,4031875,205
45,245,C505304,290
1058,527,E05430,1585
292,0,4027119,292
0,0,C504388,0
0,0,E03578,0
0,0,C525621,0
0,30,C530513,30
0,0,341946,0
0,67,061042,67
0,0,CEHLEHLEZ,0
0,-162,C511337,-162
65,397,C528563,462
0,1681,C531377,1681
0,186,C517558,186
0,5,4018772,5
0,0,062270,0
0,0,065520,0
0,62,4026175,62
0,0,C506157,0
0,104,C506215,104
0,994,C521744,994
0,45,4011568,45
133,182,4007626,315
4590,0,C511269,4590
364,0,4027412,364
1862,963,C527212,2825
1259,1145,C520679,2404
0,471,C507567,471
248,0,C510254,248
4370,0,C526516,4370
44,0,C518614,44
2259,26,C524040,2285
835,-413,C523718,422
1851,228,C529626,2079
2371,469,C524120,2840
0,9,610032,9
0,172,C526815,172
5659,105,C525188,5764
141,113,162240,254
0,139,C529937,139
0,0,C529082,0
73699,13,C525363,73712
0,143,4031278,143
3335,0,4012707,3335
0,0,C522689,0
26,285,4011709,311
0,0,413730,0
0,18,C503706,18
0,49,C527480,49
0,1222,4014209,1222
0,353,C521976,353
0,0,010330,0
0,0,4008177,0
0,0,E05488,0
2923,0,E05488,2923
2654,0,C526805,2654
0,14451,340886,14451
0,-53,C528852,-53
0,0,E03709,0
0,774,4017703,774
2284,1062,C526161,3346
0,0,4007997,0
0,0,C530056,0
5064,0,C530056,5064
0,40,C529621,40
130,26,C524656,156
0,21,4018741,21
0,31,540150,31
0,70,4018262,70
0,117,C524311,117
1872,309,4016757,2181
703,1045,C505855,1748
355,14,C529472,369
0,3,4028452,3
1050,0,PUZEG,1050
0,468,4019601,468
44636,14,C519436,44650
0,0,500250,0
462,148,C525912,610
0,0,065385,0
1083,0,4016092,1083
0,0,C528097,0
150,9515,C528097,9665
0,2141,C530449,2141
797,0,E06766,797
0,160,C502487,160
996,0,E03048,996
0,0,700071,0
601,0,4019846,601
0,0,570320,0
289,1761,E06139,2050
0,168,C509295,168
1836,0,C505591,1836
7073,0,4029821,7073
0,0,C519338,0
0,1830,069740,1830
0,0,C529901,0
0,0,C511626,0
1128,0,C527919,1128
0,0,LEZEHHGZUY,0
743,50,4020611,793
1114,124,4027390,1238
890,0,4014771,890
2842,0,060194,2842
0,0,330150,0
0,0,357680,0
17972,4160,C504213,22132
0,530,C528743,530
262,0,4018874,262
0,0,250150,0
0,9,C504002,9
0,368,C518484,368
304,68,E03653,372
0,0,C530461,0
17043,51,069140,17094
0,1396,C529338,1396
0,341,4017585,341
0,0,C530998,0
0,0,C508712,0
0,1401,4007685,1401
0,0,344451,0
0,0,C529513,0
0,83,GUVEN,83
1811,2326,062370,4137
0,68,064090,68
90,176,072250,266
0,56,4025242,56
0,71,4012056,71
33,59,C507916,92
0,67,4015363,67
0,62,4029854,62
0,0,064210,0
4870,0,4015189,4870
0,0,E09386,0
1384,0,C513031,1384
59,0,4020362,59
132,2684,163210,2816
3917,0,C503659,3917
0,0,550060,0
828,76,C529052,904
7374,934,C517346,8308
0,0,063330,0
0,0,E07047,0
2825,0,C521359,2825
0,0,350810,0
485,151,162460,636
2324,301,C504211,2625
4156,0,C529377,4156
933,1560,064880,2493
0,2,E01968,2
3088,20,E01727,3108
0,0,C526107,0
7301,244,C521377,7545
1176,1047,C516429,2223
0,212,C521516,212
2787,0,E05689,2787
0,1049,170400,1049
0,343,480450,343
5867,0,350600,5867
3734,112,C511444,3846
4692,0,E00026,4692
0,45,4018213,45
18273,1200,C525275,19473
33841,3219,E06507,37060
2089,2095,C524823,4184
0,0,E02212,0
1380,0,4015591,1380
0,52,HC526201,52
3011,0,C525566,3011
4355,885,C505207,5240
21719,0,E01349,21719
5551,228,C508232,5779
687,0,C519488,687
0,27,610410,27
0,3,C520567,3
554,57,C527231,611
0,85,C501539,85
1210,0,C521859,1210
0,1843,C527527,1843
3158,0,C502287,3158
70947,23536,C515681,94483
2097,0,C524251,2097
0,0,E00347,0
3544,5303,C526295,8847
137,0,C514869,137
550,130,C529336,680
0,1304,C505944,1304
0,169,E01075,169
8318,327,C501077,8645
5870,2020,E04843,7890
0,79,C501872,79
1457,15,072860,1472
1507,0,C514770,1507
8072,233,C502194,8305
441,240,C527525,681
1398,0,E04244,1398
0,710,E01639,710
0,10,4016884,10
0,285,C526976,285
828,154,014700,982
0,219,C508602,219
6113,3259,C529464,9372
0,0,C524514,0
5951,233,E01667,6184
1558,0,C526792,1558
1965,171,C514239,2136
0,1134,280050,1134
1257,143,C526857,1400
4814,3295,C526948,8109
0,793,E01816,793
871,460,610054,1331
4117,1841,050110,5958
6279,106856,063800,113135
0,22,066870,22
1691,0,310340,1691
4540,815,C526201,5355
5073,663,100240,5736
393,770,E07252,1163
0,0,065600,0
2062,0,130080,2062
0,970,510070,970
0,4,061022,4
511,1278,C506329,1789
0,14,C524674,14
87019,2365,590530,89384
4655,2969,190410,7624
0,0,C524829,0
1036,0,C524829,1036
0,355,351700,355
2945,0,4016576,2945
0,144,4019446,144
0,0,080100,0
913,0,C526846,913
0,51,240027,51
1894,117,E02813,2011
379,695,4027490,1074
179,0,E00308,179
110,1508,E07534,1618
0,3887,130070,3887
0,665,4019212,665
284,0,166890,284
9504,2621,060107,12125
17575,7916,072500,25491
368,0,010220,368
404,22,C531035,426
0,0,E00382,0
0,0,065293,0
2837,0,065293,2837
0,0,064800,0
378,170,610047,548
414,2337,065540,2751
7720,0,064320,7720
0,0,4007570,0
0,0,4010907,0
2151,1138,091010,3289
2444,0,660012,2444
0,0,610037,0
0,922,C510415,922
45024,15336,4017917,60360
0,0,720110,0
0,0,020130,0
0,46,C504365,46
0,113,4031930,113
0,725,C513083,725
1716,0,C514039,1716
9291,687,C528520,9978
170,0,340064,170
0,27,C531623,27
0,169,C527427,169
38632,1644,4010058,40276
705,498,C529897,1203
0,1478,E01982,1478
0,1173,4020408,1173
0,172,067340,172
0,1018,C531784,1018
0,0,010460,0
0,19,C508707,19
33699,2527,341746,36226
0,56,4029721,56
0,0,C505189,0
0,0,C531156,0
8204,1521,C526910,9725
153,0,C507944,153
1433,0,4013868,1433
0,137,4019613,137
2500,706,4006917,3206
0,0,C508522,0
4020,0,4009977,4020
1451,106,C523873,1557
0,0,E01188,0
0,407,C517451,407
0,6,C526185,6
2303,24,4015634,2327
4476,1046,C527759,5522
0,0,C503207,0
2625,0,C511237,2625
100,0,4030047,100
576,0,1001022,576
0,0,064540,0
0,0,355230,0
540,0,C530657,540
0,233,4021995,233
0,364,4018437,364
0,469,4011029,469
1141,51,C512783,1192
0,0,C530561,0
29663,0,C527183,29663
0,1000,4012584,1000
0,181,200510,181
1969,84,C527311,2053
0,667,C526542,667
2633,4768,C531391,7401
6401,0,010570,6401
0,356,4023869,356
0,0,C504232,0
0,48,C504232,48
0,5,4018125,5
517,68468,170060,68985
1031,427826,162580,428857
0,100895,480220,100895
4034,59,4014317,4093
0,38,E00565,38
0,0,C511111,0
0,0,C527689,0
7559,0,4019298,7559
0,0,060378,0
3283,449,060378,3732
0,12,E01355,12
0,0,066300,0
8203,38,4028727,8241
0,102,C521087,102
200,0,343940,200
0,1656,C524001,1656
1618,797,C507119,2415
0,58,4011866,58
0,30,4015060,30
0,0,066920,0
0,534,C527084,534
332,257,610460,589
2262,975,4013119,3237
1681,112,610600,1793
317,506,E02742,823
0,8682,E04299,8682
242,0,C527510,242
509,78,C528564,587
0,5,170550,5
0,32,210490,32
0,286,4010410,286
0,1576,C529647,1576
0,437,C530192,437
5105,368,C513796,5473
0,7892,4020440,7892
0,496,065314,496
0,0,4018266,0
336,0,C512695,336
1234,422,4007123,1656
0,27,C514647,27
0,0,069400,0
0,0,C520239,0
0,2232,E07244,2232
0,301,4012798,301
146,374,4023988,520
14350,4723,C518923,19073
0,0,4007806,0
464,287,4019119,751
6507,930,4013584,7437
290,0,4026363,290
2399,46,C528113,2445
8357,0,C503961,8357
0,99,4016137,99
0,97,4017580,97
0,0,060666,0
0,0,4008284,0
0,0,352540,0
16002,0,352540,16002
0,0,C527670,0
1041,0,C527670,1041
0,0,720290,0
64982,0,720290,64982
461,0,C508989,461
0,0,C522296,0
1065,0,C522296,1065
4071,661,C524148,4732
45,0,340405,45
14987,7415,C527370,22402
0,178,4012673,178
364,0,4024765,364
40,0,4017398,40
0,1583,4014721,1583
2184,11,C520043,2195
0,79,E06457,79
0,73,4031918,73
3406,438,C507860,3844
345,0,C524958,345
0,54,4019741,54
0,0,011790,0
109,1102,C529786,1211
0,127,061101,127
0,55,4009619,55
0,90,C531788,90
0,128,C531324,128
419,21,C527147,440
0,480,C506281,480
2459,264,320470,2723
0,72,4014494,72
0,383,C531520,383
0,0,010480,0
0,0,C515179,0
2477,167,C527570,2644
23467,0,4022069,23467
0,252,C522986,252
0,170,C529368,170
969,0,C530587,969
0,22,C516403,22
99,0,4012709,99
0,345,4030103,345
0,768,C510286,768
1278,0,4025217,1278
0,1103,C529369,1103
0,730,4006910,730
0,64,E05858,64
0,0,C527130,0
0,1495,4019616,1495
0,840,4014221,840
0,34,4016980,34
0,184,4022971,184
0,579,4010194,579
0,859,C530970,859
12035,0,4008266,12035
1514,776,C526800,2290
390,717,351470,1107
0,0,4011125,0
278,5939,C522538,6217
0,234,640360,234
5587,0,C530504,5587
0,4755,4010328,4755
0,0,E,0
0,8315,4022570,8315
0,227,C519533,227
0,5,E06361,5
555,0,C506066,555
0,0,E00119,0
8,3003,C527615,3011
0,0,C524101,0
151,27,C524739,178
0,0,352620,0
0,0,C527287,0
0,0,C527287,0
0,186,4007553,186
2716,0,4010123,2716
2577,0,C512588,2577
0,10735,4026510,10735
21708,139702,E02906,161410
0,365,C513464,365
0,24,349613,24
0,0,C506496,0
487,28,C524603,515
0,16,4014923,16
197,0,4014112,197
2348,479,E04819,2827
0,0,4010186,0
0,0,450410,0
939,0,C524787,939
0,0,C530761,0
0,12,4030557,12
0,6,C524165,6
0,0,E04372,0
0,0,C531310,0
0,688,C531310,688
0,201,4024533,201
300,540,C513280,840
295,4904,4009736,5199
0,20,4013169,20
0,57,4024873,57
0,42,C504249,42
0,73,C530898,73
0,215,C531104,215
0,8556,C508085,8556
364,0,4025708,364
1684,0,C518568,1684
0,985,C501566,985
739,917,C521342,1656
1977,83,C527543,2060
0,0,E05940,0
0,382,C513761,382
0,28,C512069,28
1198,0,C507367,1198
8216,6,342046,8222
1293,109,069936,1402
465,0,C531718,465
17327,226,C515177,17553
959,141,C529561,1100
0,0,332520,0
0,33,010520,33
0,158,4018534,158
9266,1051,C504355,10317
227,0,C528941,227
0,341,C524515,341
0,0,C511413,0
315,0,4017379,315
127,0,C530108,127
0,484,C500949,484
0,149,4020952,149
927,2280,C530874,3207
0,0,E05806,0
0,0,060083,0
268,204,4027410,472
12148,149,4011878,12297
0,50,4011539,50
0,70,C526512,70
1337,0,4019615,1337
0,26,C530770,26
0,103,4031337,103
0,985,C506687,985
1216,0,4018388,1216
500,353,C529334,853
240,741,C531822,981
0,0,4011923,0
0,111,C528401,111
0,151,C531571,151
0,0,550620,0
0,82,C526563,82
707,554,C519079,1261
137,350,E00130,487
0,849,C504849,849
0,11,333010,11
536,46,4019441,582
0,4260,065360,4260
46,0,C529782,46
0,26171,C516988,26171
0,431,4011585,431
0,458,E07930,458
0,203,4027321,203
0,0,4011193,0
0,0,C529787,0
0,2929,C526875,2929
0,99,4019297,99
125,0,C531152,125
773,0,4012956,773
0,55,4029749,55
284,0,078280,284
0,0,E08800,0
11391,38,C521609,11429
823,0,C531523,823
1372,24,C512693,1396
0,14,E08734,14
0,66,C509713,66
0,1415,E04647,1415
0,216,E05685,216
0,0,150160,0
0,64,190400,64
0,0,C507710,0
0,80963,4019692,80963
0,54,4030891,54
153,0,4007050,153
5370,2069,C510156,7439
0,5270,4011315,5270
0,1114,C527565,1114
0,39,C527629,39
2016,0,C501075,2016
2623,13814,C526477,16437
0,0,C515272,0
0,269,E07367,269
0,108,C520317,108
102,0,4018501,102
0,35,C524688,35
43,0,4022934,43
4281,8235,C504640,12516
57677,28715,C526878,86392
0,0,C530775,0
10382,74462,C527619,84844
0,0,062710,0
75057,260706,4008030,335763
0,252,C522021,252
0,1066,C512265,1066
0,0,E02670,0
0,3,E03629,3
6076,1610,C527756,7686
0,243,C522514,243
732,664,C521078,1396
89,727,4010581,816
0,0,C530352,0
120,1622,C513177,1742
0,1036,E02269,1036
787,0,4017690,787
0,0,C509952,0
0,0,C519886,0
1656,259,C514452,1915
1110,70,C509759,1180
0,4,540120,4
3498,831,C519242,4329
0,0,C515753,0
3086,0,C515753,3086
3125,368,C528182,3493
891,3539,C509881,4430
0,0,C504306,0
2261,0,C531535,2261
0,0,C517537,0
236,0,4011857,236
0,0,C521787,0
0,42,4022839,42
0,27,4023258,27
419,0,4021119,419
364,87,C519665,451
1640,0,C531808,1640
1063,0,C518925,1063
0,0,E00863,0
0,246,C528404,246
1706,0,C531234,1706
37,962,4018210,999
709,0,413780,709
0,472,4014616,472
0,0,169999,0
0,121,193000,121
1070,1510,230050,2580
34837,18888,060080,53725
0,900,062770,900
0,0,C514952,0
0,0,061096,0
1405,7,C528613,1412
0,0,E06222,0
0,0,C529644,0
0,101,066240,101
0,0,C502430,0
0,0,064420,0
111,164,E00523,275
0,632,064140,632
0,0,C518613,0
0,0,370210,0
0,0,C525507,0
0,0,C524544,0
290368,15418,064230,305786
0,0,C519385,0
4848,1897,063570,6745
0,0,C510864,0
1102,134,341753,1236
0,0,E09534,0
5458,2400,060400,7858
8860,3190,060410,12050
0,0,C528143,0
0,72,069880,72
0,577,060969,577
0,0,C501837,0
3764,285,062930,4049
0,0,068010,0
0,0,E00857,0
0,0,C527942,0
0,864,063980,864
0,223,E08189,223
0,0,C506318,0
0,0,C505104,0
0,0,E04666,0
918,8429,068190,9347
0,0,C531521,0
0,0,062800,0
0,0,C510911,0
0,0,C528161,0
1340,0,064300,1340
0,0,E07275,0
0,0,C531400,0
2878,981,180040,3859
0,0,341781,0
0,92,E07271,92
0,0,C531237,0
40,1890,064240,1930
0,0,C529319,0
0,0,066430,0
0,0,060515,0
809,5105,060005,5914
218,1147,E07029,1365
0,0,C514335,0
0,0,C523138,0
0,0,C504445,0
0,0,C527955,0
0,0,E01783,0
0,0,C514921,0
0,10085,C502776,10085
0,3632,348580,3632
0,14,E09322,14
0,0,190018,0
0,0,C515587,0
0,317,060770,317
0,0,C528175,0
0,2532,180170,2532
0,0,C525950,0
0,0,C504366,0
0,0,C531392,0
0,0,230100,0
0,0,066560,0
31379,522,069210,31901
0,2112,E05048,2112
0,0,C524450,0
0,336,060990,336
0,182,E04611,182
11642,51,341390,11693
0,0,060012,0
0,8600,E08663,8600
0,0,065130,0
326,4274,E03222,4600
0,0,064510,0
0,0,C527341,0
0,0,C524556,0
0,0,C526991,0
0,0,E01867,0
7717,0,E04580,7717
0,0,C515599,0
0,473,090090,473
0,0,065100,0
0,0,C528111,0
0,0,C526998,0
0,0,068200,0
23167,141,348210,23308
0,0,C502970,0
0,0,C529645,0
0,0,C524447,0
0,0,C531713,0
0,0,C527286,0
0,0,345880,0
0,0,C529643,0
0,0,060516,0
0,0,C502990,0
26838,2577,066860,29415
0,0,063950,0
0,0,067000,0
952,0,067880,952
0,334,C528623,334
0,0,067110,0
0,5090,E06026,5090
0,916,061410,916
0,2232,063430,2232
1945,153,062980,2098
0,0,E06068,0
0,0,C526972,0
0,0,C523111,0
0,154,067620,154
8253,15506,061460,23759
0,116,E01913,116
0,0,C524735,0
8352,666,060357,9018
921,2318,410290,3239
6419,511,E01978,6930
0,1093,067670,1093
0,0,C507592,0
0,0,060719,0
0,0,E03416,0
0,12437,064360,12437
557,1306,192970,1863
0,0,C507606,0
86,83,140020,169
0,0,C525187,0
0,0,065342,0
0,0,C526511,0
0,170,060181,170
0,167,370190,167
0,0,C503502,0
6915,17483,C515583,24398
0,0,067200,0
0,353,190470,353
0,0,C529516,0
0,0,065345,0
3716,1574,061730,5290
0,0,060010,0
0,1411,E00855,1411
0,0,C523071,0
0,0,C523036,0
3710,2272,420300,5982
5190,3346,065390,8536
540,744,040070,1284
3933,16242,060963,20175
0,3421,780060,3421
0,0,C527950,0
0,0,060823,0
0,0,E07040,0
0,10295,E06446,10295
0,0,C511006,0
0,0,065352,0
0,0,061024,0
0,0,E03393,0
0,0,C528149,0
0,0,C525540,0
0,0,E08872,0
0,0,C528239,0
0,0,C526298,0
0,1220,E05498,1220
0,238,060066,238
0,0,E04596,0
0,0,C514022,0
0,0,C531747,0
0,0,063820,0
0,0,E09094,0
0,12,400120,12
120,6143,063410,6263
0,9916,062120,9916
0,0,C523132,0
0,0,060811,0
0,0,130160,0
0,0,4007255,0
0,0,E00011,0
0,0,C502968,0
109,1083,062890,1192
0,6020,061091,6020
0,0,E07288,0
0,0,C531760,0
0,0,060182,0
0,294,660110,294
1900,1066,E05049,2966
13424,5633,E09006,19057
0,0,062270,0
0,0,C507567,0
1887,3198,062300,5085
0,248,060468,248
0,0,E06200,0
0,0,C529338,0
0,0,062370,0
0,0,064880,0
0,0,C518607,0
0,85,E07536,85
3799,6561,180050,10360
0,0,C520567,0
0,0,C502959,0
442,0,069180,442
0,0,370020,0
87,0,063690,87
0,0,E01920,0
0,0,E00884,0
11712,5349,067250,17061
0,1122,065090,1122
0,352,370070,352
0,0,C502931,0
0,0,E00903,0
0,0,063800,0
0,0,190410,0
0,0,065540,0
0,0,064320,0
0,0,C504365,0
0,0,C531784,0
0,479,066120,479
0,180,E06349,180
0,0,C511111,0
440,23736,066300,24176
0,0,066370,0
0,0,C531785,0
5991,4512,066920,10503
0,0,C520239,0
3331,111,345900,3442
0,0,063480,0
0,0,C531520,0
0,0,C529368,0
0,5368,069390,5368
0,46,190280,46
190,63,345840,253
0,1120,C528445,1120
0,2665,370050,2665
0,26,060083,26
0,1008,062650,1008
0,0,E06071,0
0,0,C531759,0
0,0,C510156,0
0,0,190100,0
0,0,C507577,0
0,0,C519482,0
0,0,C530110,0
0,11064,E00327,11064
0,0,C508599,0
0,0,C526851,0
0,0,C526847,0
0,0,C527445,0
349,0,340140,349
0,0,C510552,0
0,0,C526312,0
4446,0,590970,4446
0,0,341548,0
182,1051,1001021,1233
0,0,C527474,0
0,0,340641,0
0,0,C530349,0
6775,0,340975,6775
2354,866,390110,3220
0,0,C529272,0
0,0,E04865,0
0,0,C519887,0
0,0,E06588,0
0,0,C509532,0
6229,0,340770,6229
109306,1802,E04570,111108
0,0,C529557,0
0,0,C510531,0
9761,34,340302,9795
0,0,C529551,0
0,0,342492,0
949,0,590890,949
787,225,341080,1012
0,0,590640,0
0,1495,C531626,1495
0,0,C507177,0
0,0,C530830,0
911,1280,341240,2191
0,0,C527455,0
0,0,C530206,0
0,12,E04935,12
0,0,C530207,0
0,0,C527359,0
0,0,E05896,0
0,130,590020,130
7735,9176,347470,16911
0,0,C530833,0
0,0,C525677,0
0,0,590780,0
0,0,C520570,0
6282,131,E06290,6413
0,0,C530348,0
0,0,E04526,0
0,0,590630,0
0,2207,069985,2207
0,0,C528654,0
71,0,E02289,71
0,0,C531235,0
0,0,C512769,0
25626,114,E01609,25740
1172,129,346913,1301
0,0,C520572,0
0,0,C530595,0
4668,296,E03509,4964
0,0,C530826,0
219,178,E01800,397
0,0,C521067,0
37196,0,590420,37196
0,0,C530256,0
0,0,C529439,0
0,0,C529612,0
0,0,C529443,0
0,0,E03599,0
0,0,E05928,0
0,0,C528258,0
0,0,C509519,0
0,0,530170,0
0,0,C531616,0
0,0,C531456,0
121775,128007,340022,249782
0,0,E06260,0
18826,0,E03553,18826
0,0,C519445,0
0,0,C508208,0
0,0,C511661,0
0,0,C528384,0
0,163,341533,163
0,0,C530832,0
0,0,C522748,0
0,0,340076,0
0,0,C530257,0
0,0,C527466,0
2797,0,E02821,2797
0,0,400050,0
0,0,C527465,0
0,0,C527416,0
0,0,C509535,0
0,0,C520478,0
0,0,E06297,0
0,0,C520476,0
0,0,C525628,0
0,0,C508545,0
0,0,C527149,0
0,0,E03519,0
0,0,C529616,0
0,0,C513141,0
2109,0,E03593,2109
0,0,E00041,0
0,0,C511163,0
0,0,C508568,0
2075,1068,E08014,3143
4268,930,E07240,5198
0,0,C527631,0
0,0,C530834,0
1084,836,E00186,1920
224,69,220090,293
0,0,C522792,0
17080,3541,E04508,20621
0,0,C524339,0
0,98,E02602,98
0,0,C530554,0
0,0,C505304,0
3380,6088,C527031,9468
0,0,C529440,0
0,0,C529082,0
0,0,C527480,0
0,0,340886,0
0,0,C525796,0
0,0,C519436,0
0,0,C505323,0
718,632,PUZ630,1350
0,0,C529513,0
0,1956,340157,1956
11319,1828,340602,13147
2645,0,E08496,2645
0,0,590950,0
0,0,C525275,0
7107,0,E02440,7107
0,0,C527419,0
1569,236,220150,1805
7623,20,E08844,7643
7676,734,390020,8410
988,151,591200,1139
15080,1752,390050,16832
1601,0,590940,1601
0,0,591340,0
0,0,390060,0
10948,976,590860,11924
0,0,592030,0
24873,4054,344004,28927
0,0,E00570,0
0,0,C526792,0
1223,72,590690,1295
0,0,390140,0
0,1981,341070,1981
0,0,590530,0
0,0,590740,0
2053,4497,E06584,6550
0,0,390240,0
0,0,C527362,0
0,130657,345770,130657
0,0,C508522,0
0,0,E00572,0
0,0,C511237,0
756,0,060095,756
769,716,349949,1485
0,0,E00565,0
1329,1485,390070,2814
0,0,C509521,0
9096,300,066660,9396
0,0,C530192,0
0,0,C529614,0
0,0,E07244,0
0,688,E01530,688
0,0,C520043,0
424,0,349769,424
0,0,E08851,0
0,0,C515200,0
0,0,C530831,0
0,0,E05940,0
0,0,C524026,0
0,0,C522770,0
0,0,C530108,0
5981,278,E08648,6259
0,0,C509249,0
0,0,660027,0
570,0,E09127,570
0,145,4012604,145
0,27,410510,27
0,0,C527533,0
0,0,344011,0
0,0,C504891,0
0,0,E05177,0
0,107,412470,107
0,0,C504894,0
0,0,C528199,0
0,0,C501441,0
0,0,C526821,0
0,0,C503170,0
0,26,E04361,26
0,326,E00015,326
89,80,411240,169
4088,17158,E08009,21246
0,0,C503210,0
0,200,412120,200
0,0,C503395,0
0,0,411400,0
0,0,C527540,0
0,0,C503207,0
0,39,411570,39
0,0,411430,0
0,30,411750,30
0,0,C512693,0
0,711,C501366,711
0,0,C530669,0
0,0,C502863,0
0,0,340355,0
0,0,C514088,0
10676,4451,345230,15127
0,0,340313,0
0,0,C518924,0
0,0,340307,0
0,0,C524694,0
129,0,065380,129
0,0,C530657,0
0,0,C518923,0
0,0,C529463,0
0,0,C512709,0
0,0,C530535,0
2985,111,E05840,3096
0,0,C527685,0
0,0,C518931,0
30889,139,349311,31028
0,0,C519864,0
554,0,344021,554
0,0,C528181,0
520,77,341172,597
0,0,C515266,0
0,0,341009,0
0,0,C506857,0
0,0,C530098,0
0,0,C527683,0
0,0,C508026,0
0,64,E00578,64
5817,527,342079,6344
208,0,C506823,208
0,0,C528942,0
0,0,C514709,0
130,0,340960,130
657,0,E06433,657
17180,0,340880,17180
0,0,C525870,0
0,65,E01412,65
0,0,C505454,0
16,0,349259,16
0,0,E04677,0
24638,1848,341150,26486
0,0,C530506,0
128,0,340923,128
0,0,C512596,0
0,0,C527205,0
0,0,344390,0
0,0,E04697,0
984,0,E01907,984
0,0,E08450,0
0,0,E01421,0
706,440,341380,1146
0,0,C526091,0
652,327,340562,979
0,3,341336,3
0,0,C526559,0
0,0,C501548,0
0,0,C531552,0
325,1581,340708,1906
0,0,C523970,0
0,0,E08804,0
14675,1691,E02435,16366
0,46,1000723,46
0,0,C512702,0
0,4026,341262,4026
0,0,E08838,0
0,0,C514238,0
0,0,C527342,0
0,0,C511549,0
0,0,C530559,0
2412,0,E08442,2412
0,0,C523976,0
0,0,C530538,0
0,0,342246,0
2413,19914,342110,22327
0,0,C527345,0
208307,7474,342270,215781
0,0,067830,0
171859,456,342280,172315
12207,67601,349140,79808
29391,934,341392,30325
0,0,C526257,0
0,0,C526284,0
210,0,342450,210
12403,459,348090,12862
0,0,C507954,0
0,0,C527335,0
0,0,C504673,0
0,4831,345240,4831
0,0,C521893,0
0,0,C514208,0
0,0,C531250,0
0,0,C519871,0
0,0,C514226,0
0,0,E01353,0
0,0,C527210,0
0,0,C514718,0
0,0,C531553,0
172594,571405,342770,743999
0,0,C514201,0
0,0,341381,0
0,0,C530767,0
0,0,343003,0
0,0,C507998,0
12899,1086,342880,13985
0,0,C508036,0
0,0,C507248,0
0,1220,1000785,1220
12306,35,C528490,12341
13178,27,340416,13205
0,0,E08413,0
0,0,C514207,0
0,0,C522429,0
0,3,E03025,3
0,0,C506859,0
8117,0,340139,8117
0,0,C525865,0
0,743,E06524,743
2658,2536,E01944,5194
0,14600,E03658,14600
10109,0,E05843,10109
4226,113,344700,4339
0,0,C530101,0
0,0,C526805,0
0,0,C508023,0
0,0,E01349,0
0,0,C514770,0
0,0,E04711,0
783,589,E06566,1372
9423,0,341276,9423
0,0,C530537,0
0,0,343840,0
1281,0,060141,1281
0,0,C527570,0
0,0,4017738,0
0,0,E06525,0
0,0,C512588,0
0,0,C512597,0
0,0,C528941,0
0,0,E08842,0
0,0,C527343,0
0,0,E08800,0
15310,851,344290,16161
0,0,C501075,0
15854,0,344310,15854
5177,6844,C517537,12021
2671,278,342444,2949
19090,4449,E07803,23539
0,0,C527027,0
0,0,C522650,0
0,0,C526790,0
0,0,C530752,0
0,0,C526606,0
0,0,C530738,0
0,0,C520423,0
0,0,C526076,0
10571,4143,720220,14714
0,0,C531864,0
0,0,C505633,0
0,0,C505592,0
0,0,C511888,0
3804,454,065278,4258
1665,526,E07184,2191
120,2446,E06021,2566
0,0,C520407,0
95223,24849,E07009,120072
12051,7159,060933,19210
0,0,C521789,0
569,1401,E00145,1970
0,0,C511974,0
0,0,C528102,0
4610,212,730180,4822
0,0,C526584,0
0,0,760020,0
0,0,C524938,0
0,0,C519542,0
0,0,C508359,0
0,0,760090,0
0,0,C528696,0
0,0,740010,0
0,0,C526752,0
0,0,C528099,0
0,0,C531069,0
0,0,C526081,0
0,0,C505527,0
0,0,C523520,0
0,0,C507828,0
1636,80,C528479,1716
0,0,470040,0
0,3,E07392,3
0,0,C513873,0
0,0,C528694,0
0,0,C508361,0
0,0,C525815,0
0,0,C526759,0
42833,20535,470070,63368
0,0,E07015,0
0,0,E08741,0
0,248,1000495,248
6705,337,470010,7042
0,0,C519942,0
11753,1547,720280,13300
0,0,720160,0
0,0,E07199,0
0,0,C526161,0
0,0,C525912,0
0,-440,720170,-440
0,0,C505591,0
0,0,C507916,0
7534,6095,720060,13629
0,0,E08742,0
0,0,760010,0
6974,1473,560000,8447
10500,4816,E05434,15316
0,0,E07681,0
0,0,E07252,0
0,0,720180,0
325871,315874,720110,641745
0,0,C528695,0
2111,14961,4007798,17072
0,0,C527084,0
0,0,C519533,0
0,0,C504355,0
0,0,C513949,0
0,0,C525861,0
0,0,C518629,0
0,0,340460,0
0,0,C525857,0
0,0,340462,0
0,0,C530580,0
1066,0,4018839,1066
32544,25863,340447,58407
50,21,340429,71
0,0,C530581,0
0,0,C518646,0
0,0,C530584,0
0,0,C530575,0
0,0,C526607,0
0,0,C522705,0
13998,720,200070,14718
0,0,360020,0
18610498,21021728,,39632226
